SeniorCitizen,Partner,Dependents,tenure,PhoneService,PaperlessBilling,MonthlyCharges,TotalCharges,gender_Female,MultipleLines_No,MultipleLines_Yes,InternetService_DSL,InternetService_Fiber optic,OnlineSecurity_No,OnlineSecurity_Yes,OnlineBackup_No,OnlineBackup_Yes,DeviceProtection_No,DeviceProtection_Yes,TechSupport_No,TechSupport_Yes,StreamingTV_No,StreamingTV_Yes,StreamingMovies_No,StreamingMovies_Yes,Contract_Month-to-month,Contract_One year,PaymentMethod_Bank transfer (automatic),PaymentMethod_Credit card (automatic),PaymentMethod_Electronic check,Actual_Churn,Predicted_Churn
1,1,0,61,1,0,25,1501,0,0,1,0,0,0,0,0,0,0,0,0,0,0,0,0,0,0,0,1,0,0,0,0
0,0,0,19,1,0,24,465,1,0,1,0,0,0,0,0,0,0,0,0,0,0,0,0,0,1,0,1,0,0,0,0
0,1,0,13,1,1,102,1359,0,0,1,0,1,1,0,1,0,0,1,1,0,0,1,0,1,1,0,0,1,0,1,1
0,1,0,37,1,1,55,2030,0,0,1,1,0,0,1,1,0,1,0,1,0,1,0,1,0,1,0,0,0,0,0,0
0,0,0,6,0,0,29,161,1,0,0,1,0,0,1,1,0,1,0,1,0,1,0,1,0,1,0,1,0,0,0,0
0,1,0,3,0,0,29,94,0,0,0,1,0,1,0,0,1,1,0,1,0,1,0,1,0,1,0,0,1,0,0,0
1,1,1,52,1,1,80,4079,0,0,1,1,0,1,0,0,1,0,1,1,0,0,1,0,1,0,1,0,0,1,0,0
1,0,0,15,1,1,91,1400,1,1,0,0,1,1,0,1,0,1,0,1,0,0,1,0,1,1,0,0,0,1,0,1
0,0,0,26,1,1,69,1800,1,0,1,1,0,0,1,0,1,1,0,1,0,0,1,1,0,1,0,1,0,0,0,0
0,1,0,66,1,0,85,5538,0,0,1,1,0,0,1,0,1,1,0,0,1,0,1,0,1,0,0,0,0,1,0,0
0,0,0,4,1,0,86,308,0,1,0,0,1,1,0,1,0,0,1,1,0,1,0,0,1,1,0,0,0,1,0,1
0,1,0,8,1,0,75,632,0,1,0,0,1,0,1,1,0,1,0,1,0,1,0,1,0,1,0,0,0,1,1,0
0,0,0,48,1,0,20,982,0,1,0,0,0,0,0,0,0,0,0,0,0,0,0,0,0,0,0,0,1,0,0,0
0,0,1,10,1,0,73,693,1,0,1,1,0,0,1,1,0,0,1,0,1,1,0,0,1,0,1,0,1,0,0,0
0,0,0,64,1,1,115,7334,1,0,1,0,1,0,1,0,1,0,1,0,1,0,1,0,1,0,0,1,0,0,0,0
0,0,0,22,1,1,93,2157,0,1,0,0,1,1,0,0,1,1,0,1,0,0,1,0,1,1,0,0,0,0,0,1
1,0,0,1,1,1,93,93,0,0,1,0,1,1,0,1,0,1,0,1,0,0,1,0,1,1,0,0,0,1,1,1
0,0,0,67,1,0,50,3260,0,1,0,1,0,1,0,1,0,1,0,0,1,1,0,1,0,0,0,1,0,0,0,0
0,0,1,22,1,1,89,2001,0,1,0,0,1,1,0,0,1,0,1,1,0,0,1,1,0,1,0,0,0,1,1,1
0,1,0,65,1,1,91,5940,0,0,1,0,1,1,0,0,1,1,0,1,0,0,1,1,0,1,0,1,0,0,1,0
0,1,1,34,0,0,30,938,0,0,0,1,0,0,1,1,0,1,0,1,0,1,0,1,0,0,1,1,0,0,0,0
0,1,0,72,1,0,20,1423,1,1,0,0,0,0,0,0,0,0,0,0,0,0,0,0,0,0,0,1,0,0,0,0
0,0,0,5,1,1,51,262,0,1,0,1,0,1,0,0,1,1,0,1,0,1,0,1,0,1,0,0,0,1,0,0
1,1,0,46,1,1,98,4564,0,0,1,0,1,1,0,1,0,0,1,1,0,0,1,0,1,1,0,0,0,1,0,1
0,0,0,2,1,1,70,123,1,1,0,0,1,1,0,1,0,1,0,1,0,1,0,1,0,1,0,0,0,1,0,1
0,1,1,37,1,1,58,2203,0,1,0,1,0,0,1,1,0,0,1,0,1,1,0,1,0,0,1,0,0,0,0,0
0,0,0,33,1,0,25,826,1,0,1,0,0,0,0,0,0,0,0,0,0,0,0,0,0,0,0,0,1,0,0,0
0,0,1,16,1,1,19,360,1,1,0,0,0,0,0,0,0,0,0,0,0,0,0,0,0,0,1,1,0,0,0,0
0,0,0,6,1,1,74,469,0,0,1,0,1,1,0,1,0,1,0,1,0,1,0,1,0,1,0,0,0,1,1,1
0,1,1,13,1,0,55,734,1,1,0,1,0,1,0,1,0,1,0,1,0,1,0,0,1,1,0,0,0,1,1,0
0,1,0,47,1,1,95,4563,0,0,1,0,1,1,0,1,0,1,0,1,0,0,1,0,1,0,1,0,1,0,0,0
0,0,0,1,1,1,69,69,1,1,0,0,1,1,0,1,0,1,0,1,0,1,0,1,0,1,0,0,0,1,1,1
0,1,1,39,1,0,80,3182,0,1,0,1,0,0,1,1,0,0,1,0,1,0,1,0,1,0,1,0,1,0,1,0
1,1,0,63,1,0,108,6991,0,0,1,0,1,0,1,0,1,0,1,1,0,0,1,0,1,0,0,0,1,0,0,0
0,0,0,10,1,0,18,163,1,1,0,0,0,0,0,0,0,0,0,0,0,0,0,0,0,1,0,0,0,0,0,0
0,0,0,10,1,1,24,226,0,0,1,0,0,0,0,0,0,0,0,0,0,0,0,0,0,1,0,0,0,1,0,0
0,0,0,18,1,1,95,1679,1,0,1,0,1,1,0,1,0,0,1,0,1,1,0,0,1,1,0,1,0,0,0,1
0,0,0,1,1,1,49,49,0,1,0,1,0,0,1,1,0,1,0,1,0,1,0,1,0,1,0,0,1,0,0,0
0,1,0,66,0,1,56,3789,0,0,0,1,0,0,1,0,1,0,1,0,1,0,1,1,0,0,0,1,0,0,0,0
1,0,0,69,1,0,20,1356,0,1,0,0,0,0,0,0,0,0,0,0,0,0,0,0,0,0,0,0,1,0,0,0
0,0,0,3,1,1,69,191,0,1,0,1,0,1,0,1,0,1,0,0,1,0,1,0,1,1,0,0,0,1,1,0
0,0,0,68,1,0,19,1441,1,1,0,0,0,0,0,0,0,0,0,0,0,0,0,0,0,0,0,0,1,0,0,0
0,1,1,6,1,0,19,113,0,1,0,0,0,0,0,0,0,0,0,0,0,0,0,0,0,0,1,0,0,0,0,0
0,0,0,72,1,0,19,1434,0,1,0,0,0,0,0,0,0,0,0,0,0,0,0,0,0,0,0,1,0,0,0,0
1,1,0,58,1,1,100,5749,1,0,1,0,1,1,0,1,0,1,0,0,1,0,1,0,1,1,0,1,0,0,0,0
0,1,1,45,1,1,105,4730,1,0,1,0,1,0,1,0,1,1,0,1,0,0,1,0,1,1,0,0,0,1,0,0
0,1,1,68,1,1,110,7467,0,0,1,0,1,0,1,0,1,0,1,1,0,0,1,0,1,0,0,0,0,1,0,0
0,1,1,32,1,1,99,3204,0,0,1,0,1,0,1,1,0,1,0,1,0,0,1,0,1,1,0,0,1,0,1,0
0,0,0,1,1,1,74,74,0,0,1,0,1,1,0,1,0,1,0,1,0,1,0,1,0,1,0,0,0,1,1,1
0,0,0,9,1,1,70,597,0,1,0,0,1,1,0,1,0,1,0,1,0,1,0,1,0,1,0,0,0,1,0,1
0,1,1,19,0,1,24,434,1,0,0,1,0,1,0,1,0,1,0,1,0,1,0,1,0,1,0,0,0,0,0,0
0,1,1,60,1,1,65,3928,0,1,0,1,0,0,1,0,1,0,1,0,1,1,0,1,0,0,1,1,0,0,0,0
0,0,0,29,1,1,78,2384,1,1,0,0,1,1,0,1,0,1,0,1,0,0,1,1,0,1,0,0,0,1,1,1
0,1,1,72,1,1,114,8468,0,0,1,0,1,0,1,0,1,0,1,0,1,0,1,0,1,0,0,0,1,0,0,0
1,1,0,43,1,1,94,3953,0,0,1,0,1,1,0,0,1,1,0,0,1,0,1,1,0,1,0,0,0,1,0,0
0,1,1,1,1,1,69,69,0,1,0,0,1,1,0,1,0,1,0,1,0,1,0,1,0,1,0,0,0,0,1,1
0,1,1,15,1,0,76,1155,1,1,0,1,0,1,0,0,1,0,1,0,1,0,1,0,1,1,0,1,0,0,0,0
0,0,0,3,1,0,90,237,0,1,0,0,1,1,0,1,0,1,0,1,0,0,1,0,1,1,0,0,0,0,0,1
0,1,1,49,1,1,99,4872,0,0,1,0,1,1,0,1,0,0,1,1,0,0,1,0,1,1,0,0,0,1,1,0
0,0,0,12,1,1,89,1021,0,0,1,0,1,1,0,1,0,0,1,1,0,0,1,1,0,1,0,0,0,1,0,1
0,0,0,1,1,1,80,80,0,1,0,0,1,1,0,1,0,1,0,1,0,1,0,0,1,1,0,0,0,0,1,1
0,0,0,21,1,0,20,402,0,1,0,0,0,0,0,0,0,0,0,0,0,0,0,0,0,1,0,0,1,0,0,0
0,1,0,18,1,0,74,1438,1,1,0,0,1,0,1,1,0,1,0,1,0,1,0,1,0,1,0,0,0,1,0,0
1,1,1,72,1,0,92,6440,1,0,1,1,0,0,1,0,1,0,1,0,1,0,1,0,1,0,0,0,1,0,1,0
0,0,0,72,1,0,19,1414,0,1,0,0,0,0,0,0,0,0,0,0,0,0,0,0,0,0,0,1,0,0,0,0
0,0,0,46,1,1,74,3548,1,1,0,0,1,1,0,1,0,0,1,1,0,1,0,1,0,1,0,0,1,0,0,0
1,0,0,7,1,0,76,503,1,1,0,0,1,0,1,1,0,1,0,1,0,1,0,1,0,1,0,1,0,0,1,0
0,1,1,72,1,0,84,5893,1,0,1,1,0,0,1,1,0,0,1,0,1,0,1,0,1,0,0,0,1,0,0,0
0,0,0,39,1,0,19,791,0,1,0,0,0,0,0,0,0,0,0,0,0,0,0,0,0,0,1,0,0,0,0,0
1,1,0,72,1,0,78,5682,1,0,1,1,0,0,1,0,1,0,1,0,1,1,0,0,1,0,0,1,0,0,0,0
0,0,0,1,1,0,50,50,0,0,1,1,0,1,0,1,0,1,0,1,0,1,0,1,0,1,0,0,0,0,0,0
0,0,1,72,1,0,19,1529,0,1,0,0,0,0,0,0,0,0,0,0,0,0,0,0,0,0,0,0,1,0,0,0
0,1,0,6,1,1,82,460,0,0,1,0,1,1,0,1,0,1,0,1,0,0,1,1,0,1,0,0,0,1,1,1
0,0,1,44,1,0,19,868,1,1,0,0,0,0,0,0,0,0,0,0,0,0,0,0,0,0,0,0,0,0,0,0
0,0,0,1,1,0,20,20,1,1,0,0,0,0,0,0,0,0,0,0,0,0,0,0,0,1,0,0,0,0,1,0
0,1,0,18,1,0,20,370,1,1,0,0,0,0,0,0,0,0,0,0,0,0,0,0,0,0,0,0,0,0,0,0
0,1,1,41,1,0,68,2839,0,0,1,1,0,1,0,0,1,0,1,1,0,0,1,1,0,0,1,1,0,0,0,0
0,1,1,48,1,0,20,1027,1,1,0,0,0,0,0,0,0,0,0,0,0,0,0,0,0,0,0,1,0,0,0,0
0,1,1,72,1,0,117,8670,1,0,1,0,1,0,1,0,1,0,1,0,1,0,1,0,1,0,0,0,1,0,0,0
0,1,1,62,1,1,70,4300,1,0,1,1,0,1,0,1,0,1,0,1,0,0,1,0,1,1,0,0,1,0,0,0
0,1,1,1,1,0,19,19,1,1,0,0,0,0,0,0,0,0,0,0,0,0,0,0,0,1,0,0,0,1,0,0
0,0,0,11,1,1,79,929,1,0,1,0,1,0,1,1,0,1,0,1,0,1,0,1,0,1,0,1,0,0,0,1
0,0,0,12,1,0,81,858,0,1,0,0,1,0,1,1,0,0,1,1,0,1,0,1,0,1,0,1,0,0,1,0
0,0,0,35,1,1,86,3029,1,0,1,0,1,1,0,1,0,1,0,1,0,0,1,1,0,1,0,0,0,1,1,1
0,0,0,17,1,1,70,1207,0,1,0,0,1,1,0,1,0,1,0,1,0,1,0,1,0,1,0,0,0,1,0,1
0,1,1,34,1,1,78,2647,0,1,0,0,1,1,0,1,0,1,0,1,0,1,0,0,1,0,1,1,0,0,0,0
0,1,1,59,1,0,90,5194,1,0,1,1,0,0,1,0,1,0,1,0,1,0,1,0,1,0,0,0,1,0,0,0
0,1,1,41,1,1,66,2728,1,1,0,1,0,1,0,0,1,1,0,0,1,1,0,0,1,0,1,1,0,0,1,0
0,1,1,35,1,0,25,809,0,0,1,0,0,0,0,0,0,0,0,0,0,0,0,0,0,0,0,1,0,0,0,0
0,1,1,72,1,0,80,5714,1,0,1,1,0,0,1,0,1,0,1,0,1,0,1,1,0,0,0,1,0,0,0,0
1,0,0,24,1,0,54,1291,0,0,1,1,0,1,0,0,1,1,0,1,0,1,0,1,0,1,0,0,1,0,0,0
0,1,0,43,1,1,64,2908,1,0,1,1,0,1,0,1,0,1,0,0,1,0,1,1,0,0,1,1,0,0,0,0
0,0,0,10,1,1,94,953,1,0,1,0,1,1,0,0,1,0,1,1,0,1,0,0,1,1,0,0,0,1,1,1
0,1,1,28,0,1,60,1682,0,0,0,1,0,1,0,0,1,0,1,0,1,0,1,0,1,0,1,0,1,0,0,0
1,0,0,43,1,1,90,3838,1,0,1,0,1,1,0,0,1,1,0,1,0,0,1,1,0,1,0,0,0,1,0,1
0,0,0,72,1,0,20,1566,1,1,0,0,0,0,0,0,0,0,0,0,0,0,0,0,0,0,0,0,1,0,0,0
0,1,1,24,1,1,56,1454,0,1,0,1,0,0,1,1,0,0,1,1,0,1,0,1,0,0,1,0,1,0,0,0
0,1,0,9,1,1,70,564,0,1,0,1,0,1,0,1,0,0,1,1,0,0,1,0,1,1,0,0,0,0,0,0
0,1,1,6,1,1,48,273,1,0,1,1,0,1,0,1,0,1,0,1,0,1,0,1,0,1,0,0,1,0,0,0
0,0,0,46,0,1,30,1489,0,0,0,1,0,0,1,1,0,1,0,1,0,1,0,1,0,0,1,1,0,0,0,0
0,0,0,57,1,0,20,1125,0,1,0,0,0,0,0,0,0,0,0,0,0,0,0,0,0,0,0,1,0,0,0,0
1,1,0,68,1,1,100,6851,1,0,1,0,1,1,0,0,1,1,0,1,0,0,1,0,1,1,0,0,0,1,1,0
1,1,1,24,1,1,96,2263,1,1,0,0,1,1,0,1,0,0,1,1,0,0,1,0,1,0,0,0,0,1,0,0
0,1,1,26,1,1,83,2070,0,0,1,0,1,1,0,1,0,1,0,1,0,0,1,1,0,1,0,0,0,1,1,1
0,0,0,1,1,0,55,55,0,1,0,1,0,1,0,1,0,1,0,1,0,1,0,0,1,1,0,0,0,0,0,0
0,1,1,72,1,1,105,7542,0,0,1,0,1,0,1,1,0,0,1,1,0,0,1,0,1,0,0,1,0,0,0,0
1,1,0,33,1,1,80,2656,1,0,1,0,1,1,0,0,1,1,0,1,0,1,0,1,0,1,0,1,0,0,1,0
0,0,0,39,1,1,49,1971,0,1,0,1,0,1,0,1,0,1,0,0,1,1,0,1,0,0,0,1,0,0,0,0
0,0,0,9,1,1,75,724,0,0,1,0,1,1,0,1,0,1,0,1,0,1,0,1,0,1,0,0,0,1,0,1
0,1,1,41,0,0,35,1412,1,0,0,1,0,0,1,1,0,0,1,1,0,1,0,1,0,0,1,0,1,0,0,0
0,0,0,71,1,0,97,6687,0,0,1,0,1,0,1,1,0,1,0,0,1,1,0,0,1,0,1,0,1,0,0,0
0,1,1,22,1,0,20,452,1,1,0,0,0,0,0,0,0,0,0,0,0,0,0,0,0,0,1,1,0,0,0,0
0,1,1,72,1,0,82,5815,0,0,1,1,0,0,1,0,1,0,1,0,1,0,1,1,0,0,0,1,0,0,0,0
1,0,0,13,1,1,96,1235,1,1,0,0,1,1,0,1,0,0,1,1,0,0,1,0,1,1,0,0,0,1,0,1
0,0,0,68,1,0,25,1821,1,0,1,0,0,0,0,0,0,0,0,0,0,0,0,0,0,0,0,1,0,0,0,0
0,0,0,1,1,0,44,44,0,1,0,1,0,1,0,1,0,1,0,1,0,1,0,1,0,1,0,0,0,0,0,0
0,1,0,70,1,0,19,1397,1,1,0,0,0,0,0,0,0,0,0,0,0,0,0,0,0,0,0,1,0,0,0,0
0,1,0,68,1,0,58,3975,1,0,1,1,0,0,1,1,0,1,0,0,1,1,0,1,0,0,1,1,0,0,0,0
0,1,1,37,0,0,40,1448,0,0,0,1,0,0,1,0,1,0,1,1,0,1,0,1,0,1,0,1,0,0,1,0
0,1,1,41,1,0,19,804,1,1,0,0,0,0,0,0,0,0,0,0,0,0,0,0,0,0,0,1,0,0,0,0
1,0,0,4,1,0,75,273,0,1,0,0,1,0,1,1,0,1,0,1,0,1,0,1,0,1,0,0,0,1,0,1
0,0,0,4,1,1,88,370,0,1,0,0,1,1,0,1,0,1,0,1,0,0,1,0,1,1,0,0,0,1,1,1
0,0,0,72,1,1,103,7634,0,0,1,0,1,1,0,0,1,0,1,1,0,0,1,0,1,0,0,0,0,1,0,0
0,0,1,23,1,0,19,465,0,1,0,0,0,0,0,0,0,0,0,0,0,0,0,0,0,0,1,0,0,0,0,0
0,0,0,15,1,0,25,369,1,0,1,0,0,0,0,0,0,0,0,0,0,0,0,0,0,0,0,1,0,0,0,0
0,0,0,13,0,1,45,597,0,0,0,1,0,0,1,1,0,1,0,0,1,0,1,1,0,1,0,0,1,0,1,0
0,0,0,5,1,1,20,104,1,1,0,0,0,0,0,0,0,0,0,0,0,0,0,0,0,1,0,0,0,0,0,0
0,1,0,46,1,0,70,3231,1,1,0,1,0,0,1,0,1,1,0,0,1,1,0,0,1,0,1,0,0,0,0,0
0,0,0,12,0,1,33,435,1,0,0,1,0,0,1,1,0,1,0,0,1,1,0,1,0,0,1,0,0,0,0,0
0,0,0,44,1,0,19,835,0,1,0,0,0,0,0,0,0,0,0,0,0,0,0,0,0,0,1,0,1,0,0,0
0,0,0,68,0,0,44,3085,1,0,0,1,0,1,0,0,1,1,0,0,1,1,0,0,1,1,0,0,0,1,0,0
0,0,0,1,1,1,19,19,1,1,0,0,0,0,0,0,0,0,0,0,0,0,0,0,0,1,0,0,0,0,1,0
0,1,0,30,1,0,19,576,0,1,0,0,0,0,0,0,0,0,0,0,0,0,0,0,0,0,1,0,1,0,0,0
0,1,1,41,1,1,102,4213,0,0,1,0,1,1,0,1,0,0,1,0,1,0,1,0,1,0,1,0,0,1,1,0
0,1,0,14,1,1,85,1139,0,0,1,0,1,1,0,1,0,1,0,1,0,1,0,0,1,1,0,0,0,1,1,1
0,1,0,59,1,1,94,5597,1,0,1,0,1,0,1,0,1,1,0,1,0,0,1,1,0,1,0,0,0,1,0,0
0,0,0,56,1,1,19,1080,1,1,0,0,0,0,0,0,0,0,0,0,0,0,0,0,0,0,0,1,0,0,0,0
1,0,0,11,1,1,84,906,1,0,1,0,1,1,0,1,0,1,0,1,0,1,0,0,1,1,0,0,1,0,1,1
0,0,0,54,1,1,108,5760,0,0,1,0,1,0,1,0,1,1,0,0,1,0,1,0,1,0,0,0,1,0,0,0
0,0,0,36,1,0,55,1941,1,0,1,1,0,1,0,1,0,0,1,1,0,1,0,1,0,0,1,0,0,1,0,0
0,0,0,16,1,0,19,284,0,1,0,0,0,0,0,0,0,0,0,0,0,0,0,0,0,0,0,0,0,0,0,0
0,1,1,30,1,0,80,2369,1,1,0,1,0,1,0,0,1,0,1,0,1,0,1,0,1,0,0,1,0,0,0,0
0,0,0,46,1,0,72,3249,0,0,1,0,1,1,0,1,0,1,0,1,0,1,0,1,0,1,0,1,0,0,0,0
0,1,1,25,1,0,54,1296,0,1,0,1,0,0,1,1,0,1,0,0,1,1,0,1,0,1,0,0,0,1,0,0
1,0,0,8,1,1,75,606,1,0,1,0,1,1,0,1,0,1,0,1,0,1,0,1,0,1,0,0,0,1,1,1
0,1,1,57,1,0,65,3687,1,0,1,1,0,0,1,0,1,1,0,0,1,1,0,1,0,1,0,1,0,0,0,0
1,1,0,72,1,1,116,8277,1,0,1,0,1,0,1,0,1,0,1,0,1,0,1,0,1,0,0,0,1,0,0,0
1,0,0,35,1,0,70,2419,1,1,0,0,1,1,0,1,0,1,0,1,0,1,0,1,0,1,0,0,0,1,0,0
0,0,0,1,1,1,45,45,1,1,0,1,0,1,0,1,0,1,0,1,0,1,0,1,0,1,0,0,0,0,1,0
0,1,0,6,1,1,75,438,0,0,1,0,1,1,0,1,0,1,0,1,0,1,0,1,0,1,0,0,0,1,1,1
0,1,1,45,1,1,25,1216,1,0,1,0,0,0,0,0,0,0,0,0,0,0,0,0,0,0,1,0,1,0,0,0
1,0,0,1,1,0,45,45,0,1,0,1,0,1,0,1,0,1,0,1,0,1,0,1,0,1,0,0,0,1,0,1
0,0,0,72,1,1,84,6185,1,0,1,0,1,0,1,1,0,1,0,0,1,1,0,1,0,0,0,1,0,0,0,0
0,1,1,72,0,0,55,3880,1,0,0,1,0,0,1,0,1,0,1,0,1,1,0,0,1,0,0,0,1,0,0,0
0,0,0,9,0,1,45,418,0,0,0,1,0,1,0,1,0,1,0,1,0,0,1,0,1,1,0,0,0,1,1,1
1,0,0,49,1,1,89,4287,1,1,0,0,1,1,0,0,1,0,1,1,0,1,0,0,1,0,1,1,0,0,0,0
0,0,0,23,1,0,83,2032,1,1,0,0,1,1,0,0,1,0,1,0,1,1,0,1,0,1,0,1,0,0,0,0
0,1,0,35,1,1,91,3236,0,0,1,0,1,1,0,1,0,1,0,0,1,0,1,1,0,1,0,0,1,0,0,0
0,0,0,5,0,1,43,219,0,0,0,1,0,0,1,0,1,0,1,0,1,1,0,1,0,1,0,0,0,0,1,0
0,1,1,13,1,0,84,1095,0,1,0,0,1,0,1,1,0,1,0,1,0,1,0,0,1,1,0,0,0,1,1,0
0,1,0,45,1,1,50,2221,1,1,0,1,0,1,0,1,0,0,1,1,0,1,0,1,0,1,0,0,1,0,0,0
0,1,0,12,1,1,74,741,0,1,0,1,0,1,0,1,0,0,1,0,1,0,1,0,1,1,0,0,0,1,0,0
0,0,0,72,1,1,21,1419,1,1,0,0,0,0,0,0,0,0,0,0,0,0,0,0,0,0,0,1,0,0,0,0
0,1,1,1,1,1,19,19,1,1,0,0,0,0,0,0,0,0,0,0,0,0,0,0,0,1,0,0,0,0,0,0
0,0,0,37,1,1,78,2976,1,0,1,1,0,0,1,0,1,0,1,0,1,0,1,1,0,1,0,0,1,0,0,0
0,0,0,45,1,0,18,867,0,1,0,0,0,0,0,0,0,0,0,0,0,0,0,0,0,0,1,1,0,0,0,0
0,1,0,9,1,1,94,890,0,1,0,0,1,1,0,0,1,0,1,0,1,0,1,1,0,1,0,0,0,0,1,0
0,0,0,15,1,1,101,1553,0,1,0,0,1,1,0,1,0,0,1,0,1,0,1,0,1,1,0,0,0,1,1,1
0,0,0,1,1,1,94,94,1,0,1,0,1,1,0,1,0,1,0,1,0,0,1,0,1,1,0,0,0,1,1,1
1,1,1,22,1,0,85,1961,1,0,1,0,1,1,0,1,0,1,0,1,0,0,1,1,0,1,0,1,0,0,0,1
0,0,0,2,1,1,80,171,0,1,0,0,1,1,0,1,0,1,0,1,0,1,0,0,1,1,0,0,0,1,1,1
1,0,0,60,1,1,71,4374,0,0,1,1,0,0,1,0,1,1,0,1,0,1,0,0,1,0,1,0,0,1,0,0
0,0,0,26,1,1,69,1815,1,1,0,0,1,1,0,1,0,1,0,1,0,1,0,1,0,1,0,0,1,0,0,0
0,0,1,15,1,0,19,270,1,1,0,0,0,0,0,0,0,0,0,0,0,0,0,0,0,0,1,0,0,0,0,0
0,0,0,35,1,0,80,2835,1,0,1,0,1,1,0,1,0,1,0,0,1,1,0,1,0,1,0,0,1,0,0,0
1,0,0,42,1,1,104,4323,1,0,1,0,1,1,0,0,1,0,1,1,0,0,1,0,1,1,0,1,0,0,1,1
0,1,0,43,1,1,56,2391,0,1,0,1,0,1,0,1,0,1,0,1,0,0,1,1,0,0,1,0,0,0,0,0
0,1,0,11,1,1,102,1145,1,0,1,0,1,1,0,0,1,1,0,1,0,0,1,0,1,1,0,0,0,1,1,1
0,0,0,37,1,1,90,3358,0,0,1,1,0,0,1,0,1,0,1,0,1,0,1,0,1,0,1,1,0,0,0,0
0,1,0,65,1,1,107,7082,1,0,1,0,1,1,0,0,1,0,1,0,1,0,1,0,1,0,0,1,0,0,0,0
0,0,0,1,1,0,46,46,0,1,0,1,0,1,0,1,0,1,0,1,0,1,0,1,0,1,0,0,0,0,1,0
0,0,0,16,1,1,65,1043,1,0,1,1,0,1,0,1,0,0,1,1,0,1,0,0,1,1,0,0,1,0,1,0
0,1,1,72,1,0,68,4888,1,1,0,1,0,0,1,0,1,0,1,1,0,1,0,0,1,0,0,0,1,0,0,0
0,0,0,1,0,1,24,24,1,0,0,1,0,1,0,1,0,1,0,1,0,1,0,1,0,1,0,0,0,0,0,1
0,0,0,4,0,0,42,146,0,0,0,1,0,0,1,0,1,1,0,0,1,1,0,1,0,1,0,0,0,0,0,0
0,1,0,72,1,0,64,4804,1,0,1,1,0,0,1,0,1,1,0,0,1,1,0,1,0,0,0,1,0,0,0,0
0,0,0,30,1,0,90,2820,0,0,1,0,1,0,1,0,1,0,1,1,0,1,0,1,0,0,1,1,0,0,0,0
0,0,0,5,1,1,85,420,1,1,0,0,1,1,0,0,1,1,0,1,0,0,1,1,0,1,0,0,0,0,0,1
0,0,1,53,1,0,95,5036,0,1,0,0,1,0,1,0,1,0,1,1,0,1,0,0,1,0,1,0,0,1,0,0
1,0,0,1,0,0,25,25,1,0,0,1,0,1,0,1,0,1,0,1,0,1,0,1,0,1,0,0,0,1,1,1
0,0,0,3,1,0,55,165,1,1,0,1,0,0,1,0,1,1,0,1,0,1,0,1,0,1,0,0,0,1,1,0
0,0,0,3,1,1,89,244,0,1,0,0,1,1,0,1,0,0,1,0,1,0,1,1,0,1,0,0,0,0,0,1
1,0,0,67,1,1,101,6841,0,0,1,0,1,1,0,1,0,0,1,1,0,0,1,0,1,1,0,0,1,0,0,0
0,1,1,23,1,0,57,1423,0,1,0,1,0,0,1,1,0,1,0,0,1,1,0,1,0,0,1,0,1,0,0,0
0,1,1,72,1,1,75,5480,0,1,0,1,0,1,0,0,1,0,1,1,0,0,1,0,1,0,0,1,0,0,0,0
0,0,0,26,0,1,44,1183,1,0,0,1,0,1,0,1,0,0,1,0,1,0,1,1,0,1,0,0,1,0,0,0
1,0,0,71,1,0,89,6293,1,0,1,1,0,0,1,0,1,0,1,0,1,0,1,0,1,0,0,0,0,0,0,0
0,1,0,68,1,1,89,5974,1,0,1,0,1,1,0,1,0,0,1,1,0,0,1,1,0,0,0,1,0,0,0,0
0,0,0,2,1,1,75,143,1,0,1,0,1,1,0,1,0,1,0,1,0,1,0,1,0,1,0,0,0,1,1,1
0,1,1,64,1,1,90,5817,1,0,1,1,0,0,1,0,1,0,1,0,1,0,1,0,1,0,0,0,0,0,0,0
0,1,0,22,1,1,20,471,0,1,0,0,0,0,0,0,0,0,0,0,0,0,0,0,0,1,0,1,0,0,0,0
1,0,0,27,1,1,104,2964,0,0,1,0,1,1,0,0,1,1,0,0,1,0,1,0,1,0,1,1,0,0,0,0
0,1,1,60,1,1,103,5969,0,0,1,0,1,1,0,0,1,1,0,0,1,0,1,0,1,1,0,1,0,0,0,0
0,0,0,51,1,0,59,3043,0,0,1,1,0,0,1,1,0,1,0,0,1,1,0,1,0,0,1,0,1,0,0,0
0,0,0,8,1,0,84,668,1,1,0,0,1,0,1,1,0,1,0,1,0,0,1,1,0,1,0,0,0,1,1,1
0,0,1,7,1,1,71,472,1,1,0,0,1,1,0,1,0,1,0,1,0,1,0,1,0,1,0,0,0,1,0,1
0,1,1,24,1,1,19,494,1,1,0,0,0,0,0,0,0,0,0,0,0,0,0,0,0,0,0,0,0,0,0,0
0,0,1,24,1,0,21,531,1,1,0,0,0,0,0,0,0,0,0,0,0,0,0,0,0,0,1,1,0,0,0,0
1,0,0,39,1,1,95,3759,0,0,1,0,1,1,0,1,0,1,0,1,0,0,1,0,1,1,0,1,0,0,1,1
0,0,0,4,0,0,35,135,1,0,0,1,0,0,1,1,0,0,1,1,0,1,0,1,0,1,0,0,0,0,0,0
0,1,0,17,1,0,19,307,1,1,0,0,0,0,0,0,0,0,0,0,0,0,0,0,0,0,1,0,0,0,0,0
0,1,0,15,1,0,25,387,1,0,1,0,0,0,0,0,0,0,0,0,0,0,0,0,0,0,0,0,0,0,0,0
1,0,0,70,1,1,75,5212,1,0,1,1,0,1,0,0,1,0,1,0,1,0,1,1,0,0,0,1,0,0,0,0
0,0,1,1,1,1,79,79,1,1,0,0,1,1,0,1,0,1,0,1,0,1,0,0,1,1,0,0,0,1,1,1
0,1,1,34,0,0,61,1993,1,0,0,1,0,0,1,1,0,0,1,0,1,0,1,0,1,0,1,0,0,0,0,0
0,1,0,26,1,0,79,2015,1,0,1,0,1,1,0,0,1,1,0,1,0,1,0,1,0,1,0,1,0,0,0,0
0,1,1,55,1,0,20,1177,0,1,0,0,0,0,0,0,0,0,0,0,0,0,0,0,0,0,0,0,0,0,0,0
0,1,0,27,1,0,90,2423,1,0,1,0,1,1,0,1,0,0,1,1,0,1,0,0,1,1,0,1,0,0,0,0
0,1,1,26,1,0,50,1285,0,1,0,1,0,1,0,1,0,0,1,1,0,1,0,1,0,0,1,0,0,0,0,0
0,0,0,39,1,1,73,2730,0,0,1,0,1,1,0,1,0,1,0,1,0,1,0,1,0,1,0,0,1,0,0,0
1,0,0,20,1,0,71,1389,0,1,0,0,1,1,0,1,0,1,0,1,0,1,0,1,0,1,0,0,1,0,1,0
0,1,0,24,1,0,53,1315,0,1,0,1,0,0,1,1,0,1,0,0,1,1,0,1,0,1,0,0,0,0,0,0
0,1,0,68,1,0,90,6297,1,0,1,0,1,1,0,0,1,0,1,0,1,1,0,1,0,0,0,0,1,0,0,0
1,1,0,16,1,1,74,1178,0,1,0,0,1,1,0,0,1,1,0,1,0,1,0,1,0,1,0,0,1,0,1,1
0,0,0,1,1,0,71,71,1,1,0,0,1,1,0,1,0,1,0,1,0,1,0,1,0,1,0,0,0,0,0,1
0,1,0,70,0,1,51,3635,0,0,0,1,0,1,0,0,1,0,1,0,1,1,0,0,1,0,1,1,0,0,0,0
1,0,0,3,1,1,79,260,0,1,0,0,1,1,0,1,0,1,0,1,0,0,1,1,0,1,0,0,0,1,1,1
0,1,0,24,1,1,99,2431,1,1,0,0,1,1,0,0,1,0,1,1,0,0,1,0,1,1,0,0,1,0,1,1
0,1,1,72,1,1,91,6614,0,0,1,1,0,0,1,0,1,0,1,0,1,0,1,0,1,0,0,0,1,0,0,0
0,0,0,1,1,1,19,19,0,1,0,0,0,0,0,0,0,0,0,0,0,0,0,0,0,1,0,0,0,0,0,0
0,0,0,31,0,1,49,1520,1,0,0,1,0,0,1,0,1,1,0,0,1,1,0,0,1,0,0,1,0,0,0,0
0,1,0,1,0,1,24,24,1,0,0,1,0,1,0,1,0,1,0,1,0,1,0,1,0,1,0,0,0,1,1,1
0,1,0,50,1,0,99,5059,0,0,1,0,1,1,0,1,0,1,0,0,1,0,1,0,1,0,1,0,0,1,0,0
0,0,0,61,1,0,88,5321,1,0,1,1,0,1,0,0,1,0,1,0,1,0,1,0,1,0,0,0,1,0,0,0
1,1,0,11,1,1,70,834,0,1,0,0,1,1,0,1,0,1,0,1,0,1,0,1,0,1,0,0,0,1,0,1
0,0,0,2,1,0,45,84,1,1,0,1,0,1,0,1,0,1,0,1,0,1,0,1,0,1,0,0,0,1,0,0
1,0,0,64,1,0,74,4869,1,0,1,1,0,1,0,0,1,0,1,0,1,1,0,0,1,1,0,0,1,0,0,0
0,0,0,18,0,1,40,711,1,0,0,1,0,0,1,0,1,1,0,0,1,1,0,1,0,0,1,0,0,0,0,0
0,1,0,45,1,0,25,1121,1,0,1,0,0,0,0,0,0,0,0,0,0,0,0,0,0,0,0,0,0,0,0,0
0,1,1,31,1,0,59,1825,0,0,1,1,0,1,0,1,0,1,0,1,0,1,0,0,1,1,0,1,0,0,0,0
0,1,1,61,1,1,24,1551,1,0,1,0,0,0,0,0,0,0,0,0,0,0,0,0,0,0,0,0,0,0,0,0
1,0,0,31,1,1,73,2094,1,1,0,0,1,0,1,1,0,1,0,1,0,1,0,1,0,1,0,0,1,0,0,0
0,1,0,57,1,0,19,1115,1,1,0,0,0,0,0,0,0,0,0,0,0,0,0,0,0,0,0,1,0,0,0,0
0,1,1,28,1,1,90,2509,1,0,1,0,1,1,0,1,0,1,0,0,1,1,0,0,1,0,1,0,0,1,0,0
0,0,0,37,1,0,65,2313,0,1,0,1,0,0,1,0,1,0,1,0,1,1,0,1,0,0,0,1,0,0,0,0
0,1,0,46,1,1,103,4594,1,0,1,0,1,1,0,0,1,1,0,0,1,0,1,0,1,0,1,0,0,1,0,0
0,0,0,19,1,0,19,367,1,1,0,0,0,0,0,0,0,0,0,0,0,0,0,0,0,1,0,0,0,0,0,0
0,0,0,63,1,1,20,1298,1,1,0,0,0,0,0,0,0,0,0,0,0,0,0,0,0,0,0,0,0,0,0,0
0,0,1,69,1,1,79,5502,0,0,1,1,0,0,1,0,1,0,1,0,1,0,1,1,0,0,0,0,1,0,0,0
0,1,1,19,1,1,89,1686,1,0,1,0,1,1,0,1,0,1,0,0,1,1,0,0,1,0,1,1,0,0,0,0
0,1,0,31,1,1,83,2674,1,1,0,0,1,1,0,0,1,1,0,1,0,1,0,0,1,1,0,1,0,0,0,0
1,0,0,18,1,0,20,369,1,1,0,0,0,0,0,0,0,0,0,0,0,0,0,0,0,0,1,1,0,0,0,0
0,0,0,44,1,1,50,2139,1,0,1,1,0,1,0,1,0,1,0,1,0,1,0,1,0,1,0,0,0,0,0,0
1,1,0,1,1,1,70,70,0,1,0,0,1,1,0,1,0,1,0,1,0,1,0,1,0,1,0,0,0,1,1,1
0,0,0,1,1,1,89,89,0,1,0,0,1,1,0,1,0,1,0,1,0,0,1,0,1,1,0,0,0,1,1,1
0,0,0,11,0,1,35,363,1,0,0,1,0,1,0,1,0,1,0,1,0,0,1,1,0,1,0,0,0,0,0,1
0,0,0,22,1,0,20,450,1,1,0,0,0,0,0,0,0,0,0,0,0,0,0,0,0,0,1,1,0,0,0,0
0,1,0,23,1,0,84,1968,0,0,1,0,1,1,0,0,1,0,1,1,0,1,0,1,0,1,0,0,0,1,0,0
0,0,0,37,1,0,80,3019,1,1,0,0,1,1,0,0,1,0,1,1,0,1,0,1,0,0,1,0,0,1,0,0
0,1,0,46,0,0,40,1842,0,0,0,1,0,0,1,1,0,0,1,0,1,1,0,1,0,0,0,0,1,0,0,0
0,0,0,20,1,1,19,433,1,1,0,0,0,0,0,0,0,0,0,0,0,0,0,0,0,0,1,0,1,0,0,0
0,0,0,1,1,1,50,50,1,1,0,1,0,1,0,1,0,1,0,0,1,1,0,1,0,1,0,0,0,1,1,0
0,1,1,58,1,0,75,4415,1,0,1,1,0,0,1,1,0,0,1,0,1,0,1,1,0,0,0,0,0,0,0,0
0,1,1,71,1,1,95,6770,1,0,1,0,1,0,1,0,1,0,1,0,1,1,0,1,0,0,1,0,1,0,0,0
0,0,0,29,1,1,71,2080,1,0,1,1,0,1,0,1,0,1,0,1,0,0,1,0,1,0,1,0,1,0,0,0
0,1,0,64,1,1,81,5129,1,0,1,1,0,0,1,0,1,0,1,0,1,1,0,0,1,0,0,0,0,0,0,0
1,0,0,1,1,1,73,73,0,0,1,0,1,1,0,1,0,1,0,1,0,1,0,1,0,1,0,0,0,1,1,1
0,0,0,1,1,0,20,20,0,1,0,0,0,0,0,0,0,0,0,0,0,0,0,0,0,1,0,1,0,0,1,0
0,1,1,70,0,0,60,4138,0,0,0,1,0,1,0,0,1,0,1,0,1,0,1,0,1,0,1,0,0,1,0,0
0,0,0,13,1,1,19,257,0,1,0,0,0,0,0,0,0,0,0,0,0,0,0,0,0,0,1,0,0,0,0,0
0,0,0,57,0,1,39,2111,0,0,0,1,0,1,0,0,1,1,0,1,0,0,1,1,0,1,0,0,0,1,1,0
1,0,0,57,1,0,101,5779,1,0,1,0,1,0,1,1,0,0,1,0,1,1,0,0,1,0,0,0,1,0,0,0
0,1,1,6,1,0,20,100,1,1,0,0,0,0,0,0,0,0,0,0,0,0,0,0,0,0,0,0,0,0,0,0
1,1,0,63,0,0,36,2298,0,0,0,1,0,0,1,1,0,1,0,0,1,1,0,1,0,0,1,1,0,0,0,0
0,0,0,8,1,0,19,156,1,1,0,0,0,0,0,0,0,0,0,0,0,0,0,0,0,1,0,0,0,0,0,0
0,1,1,23,1,1,48,1067,0,0,1,1,0,1,0,1,0,1,0,1,0,1,0,1,0,0,1,0,1,0,1,0
0,0,0,40,1,1,50,2023,1,1,0,1,0,1,0,1,0,0,1,1,0,1,0,1,0,0,1,0,0,0,0,0
0,1,1,59,1,0,25,1534,1,0,1,0,0,0,0,0,0,0,0,0,0,0,0,0,0,0,0,0,0,0,0,0
0,0,0,18,1,0,20,407,1,1,0,0,0,0,0,0,0,0,0,0,0,0,0,0,0,0,1,0,0,0,0,0
0,0,0,17,1,1,90,1612,0,1,0,0,1,1,0,0,1,0,1,1,0,1,0,0,1,1,0,0,1,0,0,1
1,0,0,46,1,0,85,3969,0,1,0,0,1,0,1,1,0,1,0,1,0,1,0,0,1,1,0,0,0,1,1,0
0,1,1,16,1,0,20,321,1,1,0,0,0,0,0,0,0,0,0,0,0,0,0,0,0,1,0,0,0,1,0,0
0,0,0,22,1,0,83,1799,0,0,1,0,1,1,0,1,0,1,0,1,0,1,0,0,1,1,0,0,0,1,0,1
0,1,0,62,1,0,81,4985,1,1,0,1,0,0,1,1,0,0,1,0,1,0,1,0,1,0,0,0,0,0,0,0
0,1,0,56,0,1,54,2959,0,0,0,1,0,1,0,1,0,0,1,0,1,0,1,0,1,0,1,1,0,0,0,0
1,1,0,5,1,1,81,371,1,0,1,0,1,1,0,0,1,1,0,1,0,1,0,1,0,1,0,0,0,1,1,1
0,1,0,72,1,1,86,6058,1,0,1,1,0,0,1,0,1,1,0,0,1,0,1,0,1,0,0,1,0,0,0,0
0,0,0,9,1,0,45,416,1,1,0,1,0,1,0,1,0,1,0,1,0,1,0,1,0,1,0,0,0,1,1,0
0,1,0,66,1,0,115,7942,0,0,1,0,1,0,1,0,1,0,1,0,1,0,1,0,1,0,1,1,0,0,0,0
0,1,0,28,1,0,96,2684,0,0,1,0,1,1,0,0,1,0,1,1,0,0,1,1,0,1,0,0,1,0,0,0
0,1,1,56,1,0,88,4968,1,1,0,0,1,1,0,1,0,1,0,1,0,0,1,0,1,0,1,1,0,0,0,0
0,0,0,1,1,1,45,45,0,1,0,1,0,1,0,1,0,1,0,1,0,1,0,1,0,1,0,0,0,0,1,0
1,0,0,24,1,1,102,2496,0,0,1,0,1,1,0,0,1,0,1,1,0,0,1,0,1,1,0,0,1,0,1,1
0,0,0,51,1,0,20,1020,1,1,0,0,0,0,0,0,0,0,0,0,0,0,0,0,0,0,0,1,0,0,0,0
0,1,1,4,1,0,61,229,0,1,0,1,0,1,0,1,0,1,0,0,1,1,0,0,1,1,0,0,1,0,1,0
0,1,1,23,1,0,59,1414,0,0,1,1,0,1,0,0,1,1,0,0,1,1,0,1,0,0,0,0,0,0,0,0
0,1,1,30,1,0,86,2538,1,1,0,0,1,1,0,1,0,0,1,1,0,1,0,0,1,0,1,0,0,1,0,0
0,1,0,61,1,1,20,1252,0,1,0,0,0,0,0,0,0,0,0,0,0,0,0,0,0,0,1,0,1,0,0,0
0,0,0,31,1,0,20,689,1,1,0,0,0,0,0,0,0,0,0,0,0,0,0,0,0,0,0,0,1,0,0,0
0,0,0,1,1,1,69,69,0,1,0,0,1,1,0,1,0,1,0,1,0,1,0,1,0,1,0,0,0,1,1,1
0,1,1,4,1,0,20,76,1,1,0,0,0,0,0,0,0,0,0,0,0,0,0,0,0,1,0,0,0,0,1,0
0,0,0,14,1,0,76,1117,0,1,0,0,1,1,0,1,0,0,1,1,0,1,0,1,0,1,0,0,0,1,0,1
0,1,0,50,1,1,104,5232,1,0,1,0,1,0,1,1,0,0,1,1,0,0,1,0,1,0,1,0,0,0,0,0
0,0,0,6,1,1,69,435,0,1,0,0,1,1,0,1,0,1,0,1,0,1,0,1,0,1,0,0,0,1,0,1
0,0,1,15,1,1,85,1269,1,1,0,0,1,1,0,0,1,1,0,1,0,1,0,0,1,1,0,1,0,0,1,1
0,1,0,54,1,1,70,3715,1,0,1,1,0,1,0,1,0,1,0,1,0,0,1,0,1,0,1,0,1,0,1,0
1,0,0,52,1,1,110,5832,0,0,1,0,1,1,0,0,1,0,1,0,1,0,1,0,1,1,0,0,0,1,0,0
0,0,0,30,1,1,100,2983,1,0,1,0,1,1,0,0,1,1,0,1,0,0,1,0,1,1,0,0,0,1,1,1
0,1,1,3,1,1,50,168,0,1,0,1,0,1,0,1,0,0,1,1,0,1,0,1,0,1,0,0,0,1,1,0
0,1,1,31,1,0,54,1647,0,1,0,1,0,1,0,1,0,0,1,0,1,1,0,1,0,1,0,0,0,0,0,0
1,1,0,58,0,1,45,2651,0,0,0,1,0,1,0,0,1,0,1,1,0,1,0,0,1,1,0,0,0,1,1,0
0,1,1,72,0,1,60,4264,1,0,0,1,0,1,0,0,1,0,1,0,1,0,1,0,1,0,0,0,0,1,0,0
0,0,0,15,1,0,51,765,0,0,1,1,0,1,0,1,0,1,0,1,0,1,0,1,0,1,0,0,0,1,1,0
0,0,0,14,1,0,55,795,1,1,0,1,0,0,1,1,0,1,0,0,1,1,0,1,0,0,1,0,0,0,0,0
1,0,0,1,1,1,74,74,1,0,1,0,1,1,0,1,0,1,0,1,0,1,0,1,0,1,0,0,0,0,1,1
0,1,1,60,1,0,23,1506,0,0,1,0,0,0,0,0,0,0,0,0,0,0,0,0,0,0,1,0,1,0,0,0
0,1,1,21,1,0,19,350,0,1,0,0,0,0,0,0,0,0,0,0,0,0,0,0,0,0,1,0,0,0,0,0
1,1,0,33,1,1,100,3270,0,0,1,0,1,1,0,0,1,1,0,1,0,0,1,0,1,1,0,1,0,0,0,1
0,1,0,65,1,0,89,5769,0,0,1,0,1,0,1,0,1,0,1,1,0,1,0,1,0,0,1,0,0,1,1,0
1,1,0,67,1,1,60,4119,0,1,0,1,0,0,1,0,1,1,0,0,1,1,0,1,0,0,1,1,0,0,0,0
1,0,0,9,1,1,84,762,1,0,1,0,1,1,0,1,0,1,0,1,0,1,0,0,1,1,0,0,0,1,1,1
1,1,1,28,1,1,51,1381,0,0,1,1,0,1,0,1,0,1,0,1,0,1,0,1,0,0,1,0,0,1,0,0
0,1,1,32,1,1,98,3089,1,0,1,0,1,1,0,0,1,1,0,1,0,0,1,0,1,1,0,0,0,1,0,1
0,1,1,68,1,1,103,7074,0,1,0,0,1,0,1,0,1,0,1,1,0,0,1,0,1,0,0,0,1,0,0,0
0,1,0,26,1,1,90,2312,1,0,1,1,0,0,1,0,1,0,1,0,1,0,1,0,1,0,1,0,1,0,0,0
0,1,1,3,1,0,44,134,1,1,0,1,0,1,0,1,0,1,0,1,0,1,0,1,0,1,0,0,0,0,1,0
0,1,1,69,1,1,26,1796,0,0,1,0,0,0,0,0,0,0,0,0,0,0,0,0,0,0,0,1,0,0,0,0
0,1,0,36,1,1,95,3440,0,0,1,0,1,1,0,1,0,1,0,1,0,0,1,0,1,1,0,1,0,0,0,1
0,0,0,52,1,1,63,3342,0,1,0,1,0,0,1,0,1,1,0,1,0,0,1,1,0,0,0,0,1,0,0,0
1,1,0,34,1,0,64,2106,1,1,0,1,0,1,0,1,0,0,1,0,1,0,1,1,0,0,1,1,0,0,0,0
0,1,0,50,1,0,108,5610,1,0,1,0,1,0,1,0,1,1,0,0,1,0,1,0,1,0,1,0,0,1,1,0
1,1,0,30,1,0,74,2181,0,0,1,1,0,1,0,1,0,0,1,1,0,0,1,0,1,0,0,0,0,1,0,0
0,1,1,69,1,1,25,1673,1,0,1,0,0,0,0,0,0,0,0,0,0,0,0,0,0,0,0,1,0,0,0,0
0,1,0,4,1,1,91,365,1,0,1,0,1,1,0,0,1,1,0,1,0,0,1,1,0,1,0,0,0,1,1,1
0,1,1,67,1,0,84,5598,1,1,0,0,1,0,1,0,1,0,1,1,0,1,0,1,0,0,1,1,0,0,0,0
0,0,0,14,1,1,71,914,1,1,0,0,1,1,0,1,0,1,0,1,0,1,0,1,0,1,0,0,1,0,1,0
0,1,0,53,1,0,20,1021,1,1,0,0,0,0,0,0,0,0,0,0,0,0,0,0,0,0,1,1,0,0,1,0
1,1,0,72,1,1,109,7932,0,0,1,0,1,1,0,0,1,0,1,0,1,0,1,0,1,0,0,1,0,0,0,0
0,0,0,46,1,0,19,907,0,1,0,0,0,0,0,0,0,0,0,0,0,0,0,0,0,0,0,0,0,1,0,0
0,1,1,71,1,0,19,1326,1,1,0,0,0,0,0,0,0,0,0,0,0,0,0,0,0,0,0,1,0,0,0,0
0,0,0,22,1,1,78,1600,0,0,1,0,1,1,0,0,1,1,0,1,0,1,0,1,0,1,0,0,0,0,0,0
0,1,0,17,1,0,78,1348,1,0,1,0,1,0,1,1,0,1,0,1,0,1,0,1,0,1,0,0,0,1,0,0
1,0,0,32,1,1,96,3019,0,0,1,0,1,1,0,1,0,1,0,1,0,0,1,0,1,1,0,0,1,0,1,1
0,0,0,9,1,0,69,651,1,1,0,0,1,1,0,1,0,1,0,1,0,1,0,1,0,1,0,0,0,1,0,1
0,0,0,23,1,0,24,615,1,0,1,0,0,0,0,0,0,0,0,0,0,0,0,0,0,0,1,0,1,0,0,0
0,1,0,47,1,0,73,3522,0,1,0,1,0,1,0,0,1,0,1,1,0,0,1,0,1,0,0,0,0,1,0,0
0,1,1,60,1,1,80,4946,1,1,0,1,0,1,0,0,1,0,1,0,1,0,1,0,1,0,0,1,0,0,0,0
0,1,1,50,0,1,39,2021,0,0,0,1,0,0,1,1,0,1,0,1,0,0,1,1,0,1,0,0,1,0,0,0
1,1,0,66,1,1,105,6975,1,0,1,0,1,1,0,1,0,0,1,0,1,0,1,0,1,0,1,0,1,0,1,0
1,1,0,54,1,1,110,6077,0,0,1,0,1,1,0,0,1,0,1,0,1,0,1,0,1,0,0,0,0,1,0,0
0,1,1,72,1,0,24,1734,0,0,1,0,0,0,0,0,0,0,0,0,0,0,0,0,0,0,0,0,1,0,0,0
0,0,1,1,1,1,79,79,1,1,0,0,1,1,0,1,0,1,0,1,0,0,1,1,0,1,0,0,0,1,1,1
0,0,0,1,1,0,44,44,1,1,0,1,0,1,0,1,0,1,0,1,0,1,0,1,0,1,0,1,0,0,0,0
0,1,1,16,1,0,68,1114,1,1,0,1,0,0,1,0,1,1,0,0,1,1,0,0,1,0,0,1,0,0,0,0
0,0,0,34,1,0,65,2157,1,0,1,1,0,1,0,1,0,1,0,0,1,0,1,1,0,1,0,0,0,0,0,0
0,0,0,3,1,0,83,247,1,1,0,0,1,1,0,0,1,1,0,1,0,0,1,1,0,1,0,0,0,1,1,1
0,0,0,12,1,1,78,927,1,0,1,0,1,0,1,1,0,1,0,1,0,1,0,1,0,1,0,0,0,1,1,1
1,1,0,5,1,1,74,334,1,0,1,0,1,1,0,1,0,1,0,1,0,1,0,1,0,1,0,0,0,1,1,1
0,0,0,1,1,0,50,50,0,1,0,1,0,1,0,0,1,1,0,1,0,1,0,1,0,1,0,0,0,0,1,0
1,1,0,59,0,1,50,2997,0,0,0,1,0,1,0,0,1,1,0,1,0,0,1,0,1,1,0,0,0,1,0,0
0,0,0,26,1,1,80,2088,0,0,1,0,1,1,0,1,0,1,0,0,1,1,0,1,0,1,0,0,0,1,1,0
0,1,0,1,1,1,20,20,1,1,0,0,0,0,0,0,0,0,0,0,0,0,0,0,0,1,0,1,0,0,0,0
0,1,1,71,1,1,104,7288,0,1,0,0,1,0,1,0,1,0,1,1,0,0,1,0,1,0,1,1,0,0,0,0
0,1,1,63,1,1,19,1177,0,1,0,0,0,0,0,0,0,0,0,0,0,0,0,0,0,0,0,0,0,0,0,0
0,1,1,18,1,0,20,357,1,1,0,0,0,0,0,0,0,0,0,0,0,0,0,0,0,1,0,0,0,0,0,0
0,0,1,14,1,1,86,1164,1,0,1,0,1,0,1,1,0,1,0,0,1,1,0,1,0,1,0,0,0,0,0,0
0,1,1,64,1,1,92,5980,1,0,1,0,1,1,0,0,1,0,1,1,0,1,0,0,1,0,1,0,0,1,0,0
0,1,0,56,1,1,98,5270,1,0,1,0,1,0,1,1,0,1,0,1,0,0,1,0,1,0,1,0,0,1,0,0
0,0,1,26,0,1,39,1023,0,0,0,1,0,1,0,0,1,1,0,1,0,0,1,1,0,0,1,1,0,0,0,0
0,0,0,54,1,1,65,3512,0,1,0,1,0,0,1,0,1,1,0,1,0,0,1,1,0,0,0,1,0,0,0,0
0,1,0,3,1,1,55,154,0,1,0,1,0,1,0,1,0,0,1,0,1,1,0,1,0,1,0,0,0,0,0,0
0,0,0,2,0,1,34,62,1,0,0,1,0,1,0,1,0,1,0,1,0,1,0,0,1,1,0,0,0,1,1,1
0,1,0,40,1,1,78,3126,1,0,1,0,1,1,0,1,0,1,0,0,1,1,0,1,0,1,0,0,1,0,0,0
0,1,1,28,1,1,90,2598,1,1,0,0,1,1,0,1,0,1,0,1,0,0,1,0,1,0,1,1,0,0,1,0
0,1,0,22,1,1,104,2180,0,1,0,0,1,0,1,0,1,1,0,0,1,0,1,0,1,1,0,0,0,1,0,0
0,0,0,69,1,0,23,1713,0,0,1,0,0,0,0,0,0,0,0,0,0,0,0,0,0,0,0,1,0,0,0,0
0,1,1,27,1,0,49,1336,1,1,0,1,0,1,0,0,1,1,0,1,0,1,0,1,0,1,0,0,0,0,0,0
0,1,0,71,0,0,66,4689,1,0,0,1,0,0,1,0,1,0,1,0,1,0,1,0,1,0,1,1,0,0,0,0
0,1,1,62,1,1,70,4263,1,1,0,1,0,0,1,1,0,0,1,0,1,0,1,1,0,0,1,1,0,0,0,0
0,0,1,1,1,1,19,19,0,1,0,0,0,0,0,0,0,0,0,0,0,0,0,0,0,1,0,0,0,0,0,0
0,1,1,37,1,0,19,726,0,1,0,0,0,0,0,0,0,0,0,0,0,0,0,0,0,0,0,1,0,0,0,0
0,1,0,49,0,1,56,2780,1,0,0,1,0,1,0,0,1,1,0,0,1,0,1,0,1,0,1,0,1,0,0,0
1,1,0,41,0,1,53,2215,0,0,0,1,0,1,0,0,1,0,1,1,0,0,1,0,1,1,0,0,0,1,0,0
0,0,0,63,1,0,108,6780,1,0,1,0,1,0,1,0,1,0,1,1,0,0,1,0,1,1,0,0,1,0,0,0
0,1,1,17,1,0,88,1460,1,0,1,0,1,1,0,1,0,0,1,1,0,0,1,1,0,1,0,0,0,1,1,1
0,0,1,1,1,1,19,19,0,1,0,0,0,0,0,0,0,0,0,0,0,0,0,0,0,1,0,0,0,0,1,0
1,0,0,55,1,1,98,5617,0,0,1,0,1,0,1,1,0,1,0,1,0,0,1,0,1,1,0,0,0,1,1,0
0,1,0,22,1,1,69,1554,1,1,0,0,1,1,0,1,0,1,0,1,0,1,0,1,0,1,0,0,0,1,1,1
0,0,0,15,0,0,45,693,1,0,0,1,0,0,1,0,1,0,1,0,1,1,0,1,0,0,1,0,0,0,0,0
0,0,0,35,1,0,19,617,1,1,0,0,0,0,0,0,0,0,0,0,0,0,0,0,0,1,0,1,0,0,0,0
0,0,0,1,1,1,20,20,0,1,0,0,0,0,0,0,0,0,0,0,0,0,0,0,0,1,0,0,0,0,1,0
0,0,0,69,0,1,35,2492,0,0,0,1,0,1,0,0,1,0,1,1,0,1,0,1,0,0,1,1,0,0,0,0
0,1,0,63,1,1,81,5029,1,0,1,0,1,1,0,0,1,1,0,1,0,1,0,1,0,1,0,1,0,0,0,0
0,1,0,58,1,1,94,5610,1,0,1,0,1,1,0,0,1,0,1,1,0,1,0,0,1,0,1,0,0,1,0,0
0,0,0,66,1,0,25,1699,0,0,1,0,0,0,0,0,0,0,0,0,0,0,0,0,0,0,1,1,0,0,0,0
0,1,1,43,1,1,99,4209,1,0,1,0,1,1,0,1,0,0,1,1,0,0,1,0,1,1,0,1,0,0,0,0
0,1,1,26,0,0,38,1025,1,0,0,1,0,0,1,0,1,1,0,0,1,1,0,1,0,1,0,0,1,0,0,0
0,1,1,56,1,1,103,5873,0,0,1,0,1,1,0,1,0,0,1,0,1,0,1,0,1,0,0,0,0,1,0,0
1,0,0,68,1,1,95,6503,0,0,1,0,1,1,0,0,1,0,1,1,0,1,0,0,1,1,0,0,0,1,0,0
0,1,1,18,1,0,55,1082,1,1,0,1,0,1,0,1,0,1,0,1,0,0,1,1,0,1,0,0,0,0,0,0
0,1,0,34,1,0,62,2274,1,0,1,1,0,0,1,0,1,1,0,0,1,1,0,1,0,1,0,0,0,1,1,0
1,1,0,38,0,1,24,955,0,0,0,1,0,1,0,1,0,1,0,1,0,1,0,1,0,1,0,0,0,1,0,0
0,1,1,2,1,0,59,130,0,1,0,1,0,0,1,0,1,1,0,0,1,1,0,1,0,0,0,0,0,0,0,0
0,1,1,20,0,1,39,825,0,0,0,1,0,0,1,1,0,0,1,0,1,1,0,1,0,0,0,0,1,0,0,0
0,1,0,64,1,1,70,4480,0,0,1,1,0,1,0,0,1,1,0,0,1,1,0,0,1,0,1,0,0,0,0,0
1,0,1,56,1,0,94,5264,0,1,0,0,1,0,1,1,0,1,0,1,0,0,1,0,1,0,1,0,1,0,0,0
0,0,0,68,1,0,20,1424,1,1,0,0,0,0,0,0,0,0,0,0,0,0,0,0,0,0,0,0,1,0,0,0
0,1,0,17,1,1,102,1742,0,0,1,0,1,1,0,0,1,0,1,1,0,0,1,0,1,1,0,0,0,1,0,1
0,1,1,46,1,0,19,862,0,1,0,0,0,0,0,0,0,0,0,0,0,0,0,0,0,0,0,0,1,0,0,0
1,0,0,28,1,1,106,3152,1,0,1,0,1,1,0,0,1,0,1,1,0,0,1,0,1,1,0,0,0,1,1,1
0,1,1,2,1,0,56,113,0,0,1,1,0,0,1,1,0,1,0,1,0,1,0,1,0,1,0,0,0,0,1,0
0,0,0,65,1,1,109,6941,0,0,1,0,1,1,0,0,1,0,1,0,1,0,1,0,1,1,0,0,0,1,1,0
0,1,1,17,1,1,89,1539,0,1,0,0,1,0,1,1,0,0,1,1,0,0,1,1,0,1,0,0,0,1,1,0
1,0,0,51,1,1,94,4905,0,1,0,0,1,1,0,1,0,0,1,1,0,0,1,0,1,0,1,1,0,0,0,0
0,0,0,60,1,1,89,5450,0,0,1,0,1,1,0,0,1,1,0,1,0,0,1,1,0,1,0,1,0,0,0,0
0,1,0,16,1,1,73,1284,0,0,1,0,1,1,0,1,0,1,0,1,0,1,0,1,0,1,0,1,0,0,1,1
1,1,0,24,1,1,78,1772,0,0,1,0,1,0,1,1,0,1,0,1,0,1,0,1,0,1,0,0,0,1,1,1
0,0,0,1,1,1,55,55,0,1,0,1,0,1,0,1,0,1,0,1,0,1,0,0,1,1,0,0,0,0,1,0
0,0,0,71,1,0,77,5550,1,1,0,1,0,0,1,0,1,0,1,0,1,0,1,1,0,0,0,0,1,0,0,0
0,1,1,53,1,1,104,5566,1,0,1,0,1,0,1,0,1,0,1,0,1,1,0,0,1,0,0,1,0,0,0,0
0,0,0,18,1,1,60,1156,1,0,1,1,0,0,1,1,0,0,1,1,0,1,0,1,0,1,0,0,0,0,0,0
0,0,1,67,1,1,106,7244,1,0,1,0,1,1,0,0,1,1,0,0,1,0,1,0,1,0,1,1,0,0,0,0
1,0,0,4,1,1,94,424,1,0,1,0,1,1,0,1,0,1,0,1,0,0,1,0,1,1,0,0,0,1,1,1
0,0,0,10,0,0,29,255,0,0,0,1,0,1,0,1,0,0,1,1,0,1,0,1,0,1,0,0,0,0,1,0
0,1,1,43,1,0,24,1077,0,0,1,0,0,0,0,0,0,0,0,0,0,0,0,0,0,0,0,0,0,0,0,0
0,1,0,43,1,0,80,3398,1,0,1,0,1,1,0,0,1,1,0,1,0,1,0,1,0,1,0,0,0,1,0,0
0,0,0,60,0,0,53,3237,1,0,0,1,0,0,1,1,0,0,1,1,0,0,1,0,1,0,0,0,0,1,0,0
0,0,0,1,1,1,75,75,0,1,0,0,1,1,0,1,0,1,0,0,1,1,0,1,0,1,0,0,0,1,1,1
0,0,0,7,1,1,90,593,0,0,1,0,1,1,0,1,0,0,1,1,0,0,1,1,0,1,0,0,0,1,1,1
0,0,0,21,1,1,90,1862,1,1,0,0,1,1,0,0,1,0,1,1,0,1,0,0,1,1,0,0,0,1,0,1
1,0,1,1,1,1,50,50,0,1,0,1,0,1,0,1,0,0,1,1,0,1,0,1,0,1,0,0,0,0,1,0
0,0,0,5,1,1,74,383,0,1,0,0,1,1,0,0,1,1,0,1,0,1,0,1,0,1,0,0,0,1,0,1
0,1,1,36,1,1,92,3379,1,0,1,1,0,0,1,0,1,0,1,0,1,0,1,0,1,0,0,0,1,0,0,0
1,1,0,53,1,1,60,3229,0,0,1,1,0,0,1,1,0,1,0,0,1,1,0,1,0,0,1,0,0,1,1,0
1,1,0,1,1,1,74,74,1,0,1,0,1,1,0,1,0,1,0,1,0,1,0,1,0,1,0,0,0,1,1,1
0,0,0,53,1,1,94,5042,1,1,0,0,1,1,0,0,1,0,1,0,1,1,0,0,1,0,1,0,1,0,0,0
0,1,0,50,1,0,75,3876,1,0,1,1,0,1,0,1,0,0,1,1,0,0,1,0,1,0,1,1,0,0,0,0
0,1,0,66,1,1,104,6890,0,0,1,0,1,1,0,0,1,1,0,0,1,0,1,0,1,0,1,0,0,1,1,0
0,1,1,54,1,1,59,3246,1,0,1,1,0,1,0,0,1,0,1,1,0,1,0,1,0,0,0,1,0,0,0,0
0,1,1,28,1,1,19,543,1,1,0,0,0,0,0,0,0,0,0,0,0,0,0,0,0,1,0,1,0,0,0,0
0,0,0,4,1,1,45,196,1,1,0,1,0,1,0,1,0,1,0,1,0,1,0,1,0,1,0,0,0,0,1,0
0,0,0,41,1,1,114,4527,1,0,1,0,1,0,1,0,1,0,1,0,1,0,1,0,1,1,0,1,0,0,1,0
0,1,1,30,1,0,66,1923,1,1,0,1,0,0,1,1,0,1,0,0,1,1,0,0,1,1,0,1,0,0,0,0
1,0,0,1,0,1,25,25,1,0,0,1,0,1,0,1,0,1,0,1,0,1,0,1,0,1,0,0,0,1,1,1
0,1,0,54,1,0,109,6118,0,0,1,0,1,0,1,0,1,0,1,1,0,0,1,0,1,1,0,0,0,1,0,0
0,1,1,8,1,0,19,125,0,1,0,0,0,0,0,0,0,0,0,0,0,0,0,0,0,0,0,0,1,0,0,0
1,1,0,55,1,1,113,6292,0,0,1,0,1,1,0,0,1,0,1,0,1,0,1,0,1,0,0,0,0,1,0,0
0,0,1,63,1,0,19,1215,1,1,0,0,0,0,0,0,0,0,0,0,0,0,0,0,0,0,0,0,1,0,0,0
0,0,0,68,1,0,79,5461,0,1,0,0,1,1,0,0,1,0,1,1,0,1,0,1,0,0,1,0,1,0,0,0
0,1,1,2,1,1,71,135,1,1,0,0,1,1,0,1,0,1,0,1,0,1,0,1,0,1,0,0,0,1,0,1
0,0,0,6,1,0,20,116,0,1,0,0,0,0,0,0,0,0,0,0,0,0,0,0,0,0,1,0,0,0,0,0
0,0,0,13,1,1,75,999,1,0,1,0,1,1,0,1,0,1,0,1,0,1,0,1,0,1,0,0,0,0,1,1
0,0,0,72,1,1,75,5336,0,1,0,1,0,0,1,0,1,0,1,0,1,0,1,1,0,0,0,1,0,0,0,0
0,1,0,17,1,1,96,1588,0,1,0,0,1,1,0,1,0,0,1,1,0,0,1,0,1,0,1,1,0,0,0,0
1,0,0,15,1,1,74,1074,0,1,0,0,1,1,0,0,1,1,0,1,0,1,0,1,0,1,0,0,0,1,1,1
1,0,0,65,1,1,95,6223,1,0,1,0,1,1,0,0,1,0,1,1,0,0,1,1,0,1,0,1,0,0,0,0
0,0,0,58,1,0,20,1131,0,1,0,0,0,0,0,0,0,0,0,0,0,0,0,0,0,0,0,0,1,0,0,0
1,1,1,68,1,1,84,5683,0,0,1,0,1,1,0,0,1,0,1,1,0,1,0,1,0,1,0,0,0,1,0,0
0,1,1,66,1,1,58,3810,1,1,0,1,0,0,1,0,1,1,0,0,1,1,0,1,0,0,0,0,1,0,0,0
1,1,0,70,1,1,90,6470,1,0,1,0,1,0,1,1,0,1,0,1,0,1,0,0,1,1,0,0,0,1,0,0
0,0,0,19,0,1,39,710,1,0,0,1,0,1,0,0,1,1,0,1,0,1,0,0,1,1,0,0,0,1,0,0
0,1,0,17,0,0,54,934,0,0,0,1,0,1,0,1,0,0,1,0,1,0,1,0,1,0,1,0,0,1,0,0
0,0,0,22,1,1,100,2095,0,0,1,0,1,0,1,1,0,1,0,1,0,0,1,0,1,1,0,0,0,1,1,1
1,0,0,48,1,1,99,4744,0,0,1,0,1,1,0,0,1,1,0,1,0,0,1,0,1,0,1,0,0,1,0,0
0,0,0,63,1,0,90,5825,0,0,1,0,1,1,0,0,1,1,0,1,0,1,0,0,1,0,1,0,1,0,0,0
0,1,0,67,1,1,93,6368,0,0,1,0,1,1,0,0,1,0,1,1,0,1,0,0,1,0,0,0,0,1,0,0
1,1,0,67,1,1,107,7142,1,0,1,0,1,0,1,1,0,0,1,1,0,0,1,0,1,0,1,0,1,0,0,0
0,1,0,67,1,1,25,1733,1,0,1,0,0,0,0,0,0,0,0,0,0,0,0,0,0,0,0,0,1,0,0,0
0,0,0,4,1,1,100,399,1,0,1,0,1,1,0,1,0,1,0,0,1,0,1,0,1,1,0,0,0,0,0,1
0,1,0,40,1,0,70,2921,0,0,1,1,0,1,0,0,1,1,0,0,1,0,1,1,0,0,1,0,1,0,0,0
0,0,0,5,1,0,104,541,0,0,1,0,1,1,0,0,1,0,1,1,0,0,1,0,1,1,0,0,0,0,1,1
0,0,0,30,1,1,89,2723,0,0,1,0,1,1,0,1,0,1,0,0,1,1,0,0,1,1,0,0,1,0,0,0
0,0,0,70,1,0,115,8127,1,0,1,0,1,0,1,0,1,0,1,0,1,0,1,0,1,0,1,0,1,0,1,0
0,1,1,72,1,0,24,1859,1,0,1,0,0,0,0,0,0,0,0,0,0,0,0,0,0,0,0,0,0,0,0,0
0,0,0,1,1,1,48,48,1,1,0,1,0,1,0,0,1,1,0,1,0,1,0,1,0,1,0,0,0,1,0,0
0,0,0,1,1,1,88,88,0,1,0,0,1,1,0,1,0,1,0,1,0,0,1,0,1,1,0,0,0,1,1,1
1,0,0,59,1,1,79,4590,1,0,1,0,1,1,0,0,1,1,0,1,0,1,0,1,0,0,0,0,1,0,0,0
0,1,1,68,1,1,83,5685,1,0,1,0,1,1,0,1,0,1,0,1,0,0,1,1,0,0,1,0,0,1,1,0
0,1,0,53,1,1,106,5769,1,1,0,0,1,0,1,0,1,0,1,1,0,0,1,0,1,0,1,1,0,0,1,0
1,0,0,8,1,1,74,600,1,1,0,0,1,1,0,1,0,0,1,1,0,1,0,1,0,1,0,1,0,0,0,1
0,0,0,7,1,1,78,571,1,1,0,1,0,0,1,0,1,1,0,0,1,0,1,0,1,1,0,0,0,1,0,0
0,0,0,2,1,0,19,61,1,1,0,0,0,0,0,0,0,0,0,0,0,0,0,0,0,1,0,0,0,0,0,0
0,1,0,47,1,0,19,942,0,1,0,0,0,0,0,0,0,0,0,0,0,0,0,0,0,0,1,1,0,0,0,0
0,1,0,2,1,0,90,190,1,1,0,0,1,0,1,0,1,1,0,1,0,0,1,1,0,1,0,0,0,1,0,1
0,1,1,51,1,1,80,4116,1,0,1,0,1,1,0,1,0,1,0,0,1,1,0,1,0,1,0,0,0,1,0,0
0,0,0,18,1,1,68,1299,0,1,0,1,0,0,1,1,0,0,1,0,1,0,1,1,0,1,0,0,0,1,0,0
0,0,0,33,1,0,20,689,0,1,0,0,0,0,0,0,0,0,0,0,0,0,0,0,0,0,0,0,0,0,0,0
0,0,0,60,1,0,25,1505,1,0,1,0,0,0,0,0,0,0,0,0,0,0,0,0,0,0,0,0,0,0,0,0
0,0,0,72,1,1,114,8496,1,0,1,0,1,0,1,0,1,0,1,0,1,0,1,0,1,0,0,0,0,1,0,0
0,0,0,1,1,1,48,48,1,1,0,1,0,0,1,1,0,1,0,1,0,1,0,1,0,1,0,1,0,0,0,0
0,1,1,48,1,0,26,1245,0,0,1,0,0,0,0,0,0,0,0,0,0,0,0,0,0,0,0,1,0,0,0,0
0,1,1,7,0,1,34,279,0,0,0,1,0,0,1,1,0,1,0,0,1,1,0,1,0,1,0,0,0,1,1,0
0,0,0,53,1,0,24,1279,0,0,1,0,0,0,0,0,0,0,0,0,0,0,0,0,0,0,0,0,0,0,0,0
1,1,0,46,0,1,59,2816,0,0,0,1,0,1,0,0,1,0,1,0,1,0,1,0,1,0,1,1,0,0,1,0
0,0,0,11,1,1,54,617,1,1,0,1,0,0,1,1,0,1,0,0,1,1,0,1,0,0,1,0,0,0,0,0
1,1,0,2,1,1,95,181,0,1,0,0,1,1,0,1,0,0,1,1,0,0,1,0,1,1,0,0,1,0,0,1
0,1,0,58,1,1,110,6526,1,0,1,0,1,0,1,0,1,0,1,1,0,0,1,0,1,0,1,0,1,0,0,0
0,0,0,2,1,0,19,38,1,1,0,0,0,0,0,0,0,0,0,0,0,0,0,0,0,1,0,0,0,0,0,0
0,1,1,70,0,0,59,4144,0,0,0,1,0,0,1,1,0,0,1,0,1,0,1,0,1,0,0,1,0,0,0,0
0,1,1,7,1,0,69,477,1,1,0,1,0,0,1,0,1,0,1,1,0,0,1,1,0,0,1,0,0,1,0,0
0,1,0,72,1,1,114,8086,0,0,1,0,1,0,1,0,1,0,1,0,1,0,1,0,1,0,0,0,1,0,0,0
0,1,0,56,1,0,89,4952,0,1,0,0,1,1,0,1,0,1,0,1,0,0,1,0,1,1,0,0,0,0,0,0
0,1,0,72,1,1,94,6849,1,0,1,0,1,0,1,0,1,0,1,0,1,1,0,1,0,0,0,1,0,0,0,0
0,0,0,42,1,1,78,3373,1,0,1,1,0,1,0,1,0,0,1,0,1,0,1,0,1,0,0,0,1,0,0,0
1,0,0,43,1,1,108,4600,1,1,0,0,1,0,1,0,1,1,0,0,1,0,1,0,1,1,0,0,1,0,1,0
0,0,0,18,1,0,20,358,0,1,0,0,0,0,0,0,0,0,0,0,0,0,0,0,0,1,0,0,0,0,0,0
0,0,0,30,1,1,84,2438,0,1,0,0,1,0,1,0,1,0,1,1,0,1,0,1,0,1,0,0,1,0,0,0
0,1,1,25,1,1,55,1466,0,0,1,1,0,1,0,1,0,1,0,0,1,1,0,1,0,0,1,0,0,0,0,0
0,0,0,9,1,1,95,827,0,1,0,0,1,1,0,1,0,1,0,0,1,0,1,0,1,1,0,1,0,0,0,1
0,0,1,71,1,0,106,7382,0,0,1,0,1,0,1,1,0,0,1,1,0,0,1,0,1,0,0,1,0,0,0,0
0,1,1,71,1,1,66,4748,0,0,1,1,0,0,1,0,1,1,0,0,1,1,0,1,0,0,1,0,1,0,0,0
0,1,0,71,1,1,84,6046,1,1,0,1,0,0,1,0,1,0,1,0,1,0,1,0,1,0,1,1,0,0,0,0
0,1,1,58,1,1,66,3970,1,0,1,1,0,1,0,0,1,1,0,1,0,0,1,1,0,1,0,1,0,0,0,0
0,0,1,61,1,1,25,1498,1,0,1,0,0,0,0,0,0,0,0,0,0,0,0,0,0,0,0,0,1,0,0,0
0,0,0,22,1,1,84,1821,1,0,1,0,1,1,0,1,0,1,0,1,0,0,1,1,0,1,0,1,0,0,0,1
0,1,1,20,1,1,49,939,0,1,0,1,0,1,0,1,0,0,1,1,0,1,0,1,0,1,0,0,0,1,0,0
0,0,0,26,1,1,20,595,0,1,0,0,0,0,0,0,0,0,0,0,0,0,0,0,0,0,1,0,1,0,0,0
0,1,1,30,1,1,83,2570,0,0,1,0,1,1,0,0,1,1,0,0,1,1,0,1,0,1,0,1,0,0,0,0
0,1,1,2,1,1,89,185,0,1,0,0,1,1,0,1,0,1,0,1,0,0,1,0,1,1,0,1,0,0,1,1
1,1,0,55,1,0,51,2838,1,0,1,1,0,1,0,1,0,1,0,1,0,1,0,1,0,1,0,1,0,0,0,0
0,1,0,69,0,0,60,4055,0,0,0,1,0,0,1,1,0,0,1,0,1,0,1,0,1,0,0,1,0,0,0,0
1,1,0,1,1,1,69,69,1,1,0,0,1,1,0,1,0,1,0,1,0,1,0,1,0,1,0,0,0,1,1,1
0,1,1,52,1,1,25,1270,1,0,1,0,0,0,0,0,0,0,0,0,0,0,0,0,0,0,0,1,0,0,0,0
0,0,0,3,1,1,97,315,1,1,0,0,1,1,0,0,1,1,0,0,1,0,1,0,1,1,0,0,0,1,1,1
0,1,1,43,1,1,19,776,0,1,0,0,0,0,0,0,0,0,0,0,0,0,0,0,0,0,1,0,0,0,0,0
1,1,0,17,1,1,100,1622,0,0,1,0,1,1,0,1,0,0,1,1,0,0,1,0,1,1,0,0,1,0,1,1
0,0,0,26,1,0,59,1507,0,1,0,1,0,1,0,1,0,1,0,0,1,0,1,1,0,0,1,0,1,0,0,0
0,1,0,9,1,0,89,853,1,1,0,0,1,1,0,1,0,1,0,1,0,0,1,0,1,1,0,0,0,1,1,1
0,0,0,45,1,1,89,4192,1,0,1,0,1,1,0,1,0,0,1,1,0,1,0,0,1,1,0,0,1,0,0,0
1,0,0,45,1,1,102,4735,1,0,1,0,1,1,0,1,0,0,1,1,0,0,1,0,1,0,1,1,0,0,0,0
0,0,0,33,1,0,59,1952,1,0,1,1,0,0,1,1,0,1,0,0,1,1,0,1,0,0,1,0,0,1,0,0
0,1,0,53,1,1,108,5718,1,0,1,0,1,1,0,0,1,0,1,0,1,0,1,0,1,0,1,1,0,0,0,0
1,1,1,65,1,1,103,6767,1,0,1,0,1,1,0,1,0,0,1,0,1,0,1,0,1,0,1,1,0,0,0,0
0,0,0,43,1,1,100,4211,0,0,1,0,1,1,0,1,0,1,0,0,1,0,1,0,1,0,1,0,0,1,1,0
0,1,0,10,1,1,67,653,1,1,0,1,0,1,0,1,0,0,1,1,0,0,1,0,1,1,0,0,1,0,0,0
0,1,1,52,1,1,20,1071,0,1,0,0,0,0,0,0,0,0,0,0,0,0,0,0,0,0,1,0,1,0,0,0
0,0,0,11,1,0,53,608,0,0,1,1,0,1,0,1,0,0,1,1,0,1,0,1,0,1,0,0,0,1,1,0
1,0,0,27,1,1,85,2287,1,0,1,0,1,1,0,1,0,1,0,1,0,1,0,0,1,1,0,0,0,1,1,1
0,0,0,24,1,1,90,2238,0,1,0,0,1,1,0,1,0,1,0,1,0,0,1,0,1,1,0,0,0,1,1,1
0,0,0,1,1,1,79,79,0,1,0,0,1,1,0,1,0,1,0,1,0,1,0,0,1,1,0,0,0,1,1,1
0,0,0,65,1,1,111,7107,1,0,1,0,1,0,1,0,1,0,1,1,0,0,1,0,1,1,0,0,1,0,0,0
0,0,0,1,1,0,75,75,1,1,0,0,1,1,0,1,0,0,1,1,0,1,0,1,0,1,0,0,0,1,0,1
0,1,0,68,1,0,118,7990,1,0,1,0,1,0,1,0,1,0,1,0,1,0,1,0,1,0,0,0,0,0,0,0
1,1,0,15,1,1,96,1392,0,0,1,0,1,0,1,1,0,0,1,1,0,0,1,1,0,1,0,0,0,1,0,1
0,0,0,36,1,1,65,2498,0,1,0,1,0,1,0,0,1,1,0,0,1,1,0,0,1,0,1,0,0,0,1,0
0,0,0,4,1,0,44,220,0,1,0,1,0,1,0,1,0,1,0,1,0,1,0,1,0,1,0,0,0,0,0,0
0,0,0,46,1,1,94,4408,1,0,1,0,1,1,0,0,1,0,1,1,0,1,0,0,1,0,1,0,0,1,0,0
0,1,0,18,1,1,49,878,0,1,0,1,0,1,0,1,0,0,1,1,0,1,0,1,0,1,0,0,0,0,1,0
1,1,1,35,1,1,76,2747,0,1,0,1,0,1,0,0,1,1,0,0,1,0,1,0,1,1,0,0,0,1,0,0
0,1,1,47,1,0,19,890,1,1,0,0,0,0,0,0,0,0,0,0,0,0,0,0,0,0,0,1,0,0,0,0
0,1,1,42,1,1,92,3875,1,1,0,0,1,1,0,1,0,0,1,1,0,0,1,0,1,1,0,0,0,1,0,0
0,0,0,1,1,0,19,19,1,1,0,0,0,0,0,0,0,0,0,0,0,0,0,0,0,1,0,0,0,0,0,0
0,0,0,61,1,0,86,5175,1,0,1,1,0,0,1,1,0,0,1,0,1,0,1,0,1,0,0,0,1,0,0,0
0,0,0,72,1,1,73,5265,1,1,0,1,0,0,1,0,1,0,1,0,1,1,0,0,1,0,0,0,1,0,0,0
0,1,0,15,1,0,20,330,1,1,0,0,0,0,0,0,0,0,0,0,0,0,0,0,0,1,0,0,1,0,0,0
0,0,0,4,1,1,74,299,0,1,0,1,0,1,0,1,0,0,1,0,1,0,1,0,1,1,0,0,0,1,1,0
0,0,0,11,1,0,20,211,1,1,0,0,0,0,0,0,0,0,0,0,0,0,0,0,0,0,1,0,0,0,0,0
0,0,0,18,1,1,71,1247,1,1,0,0,1,1,0,1,0,1,0,1,0,1,0,1,0,1,0,0,0,1,0,1
0,1,0,62,1,1,101,6164,1,0,1,0,1,1,0,1,0,0,1,1,0,0,1,0,1,1,0,0,0,1,0,0
0,1,0,2,1,1,70,154,1,1,0,0,1,1,0,1,0,1,0,1,0,1,0,1,0,1,0,0,1,0,0,1
1,1,0,25,1,0,88,2191,1,1,0,0,1,1,0,0,1,0,1,1,0,1,0,0,1,1,0,1,0,0,0,0
0,0,0,15,1,1,99,1566,0,0,1,0,1,0,1,1,0,1,0,1,0,0,1,0,1,1,0,0,0,1,0,1
0,0,0,72,1,1,88,6201,0,0,1,1,0,1,0,0,1,0,1,0,1,0,1,0,1,0,0,1,0,0,0,0
0,0,0,21,1,0,65,1424,0,1,0,1,0,0,1,1,0,0,1,1,0,0,1,1,0,1,0,1,0,0,0,0
0,1,0,69,1,0,24,1641,1,0,1,0,0,0,0,0,0,0,0,0,0,0,0,0,0,0,0,1,0,0,0,0
0,1,0,48,1,1,100,4834,1,1,0,0,1,1,0,1,0,0,1,0,1,0,1,0,1,1,0,0,1,0,0,0
0,1,1,32,0,0,50,1653,0,0,0,1,0,1,0,1,0,0,1,1,0,0,1,0,1,1,0,0,1,0,0,0
0,1,1,7,1,0,69,516,0,1,0,1,0,0,1,1,0,1,0,1,0,0,1,0,1,1,0,0,1,0,0,0
0,1,0,57,1,0,74,4368,1,0,1,1,0,1,0,0,1,0,1,0,1,0,1,1,0,0,1,1,0,0,0,0
0,0,1,18,1,0,20,390,1,1,0,0,0,0,0,0,0,0,0,0,0,0,0,0,0,0,1,1,0,0,1,0
0,0,0,10,0,0,35,389,0,0,0,1,0,1,0,0,1,1,0,0,1,1,0,1,0,1,0,0,0,1,0,0
0,0,0,2,1,0,80,155,1,0,1,0,1,1,0,1,0,0,1,1,0,1,0,1,0,1,0,0,0,0,1,1
0,0,0,1,1,1,74,74,0,1,0,0,1,1,0,1,0,1,0,0,1,1,0,1,0,1,0,0,0,0,0,1
1,0,0,52,1,0,59,3103,1,0,1,1,0,0,1,1,0,0,1,1,0,1,0,1,0,0,0,1,0,0,0,0
0,0,0,11,1,0,90,987,1,0,1,0,1,1,0,1,0,1,0,0,1,0,1,1,0,1,0,0,0,1,1,1
0,1,0,58,1,1,59,3505,1,0,1,1,0,1,0,0,1,1,0,0,1,1,0,1,0,0,0,0,1,0,0,0
1,1,0,32,1,1,93,2931,1,0,1,0,1,1,0,1,0,1,0,1,0,0,1,0,1,1,0,0,0,1,1,1
0,1,1,3,1,1,69,235,1,0,1,1,0,1,0,0,1,0,1,1,0,0,1,1,0,1,0,1,0,0,0,0
0,1,0,66,1,1,105,7133,0,0,1,0,1,1,0,0,1,0,1,1,0,0,1,0,1,1,0,0,1,0,1,0
0,0,0,12,1,1,96,1148,0,0,1,0,1,1,0,1,0,1,0,1,0,0,1,0,1,1,0,0,0,1,1,1
0,0,0,19,0,1,39,733,0,0,0,1,0,1,0,1,0,0,1,1,0,0,1,1,0,1,0,0,0,1,1,0
0,1,1,69,1,0,95,6511,0,0,1,0,1,1,0,0,1,0,1,1,0,0,1,1,0,0,1,0,1,0,0,0
0,0,0,10,1,0,20,198,0,1,0,0,0,0,0,0,0,0,0,0,0,0,0,0,0,1,0,0,1,0,0,0
1,1,1,32,1,1,100,3217,1,0,1,0,1,1,0,0,1,1,0,1,0,0,1,0,1,1,0,0,0,1,0,1
0,0,0,10,1,1,45,402,0,1,0,1,0,1,0,1,0,1,0,1,0,1,0,1,0,1,0,0,0,1,1,0
0,1,0,64,1,1,76,4818,0,0,1,1,0,1,0,0,1,0,1,0,1,0,1,1,0,0,0,1,0,0,0,0
0,1,1,4,0,0,38,156,0,0,0,1,0,0,1,1,0,1,0,1,0,0,1,1,0,1,0,0,1,0,0,0
0,1,1,36,1,0,19,754,0,1,0,0,0,0,0,0,0,0,0,0,0,0,0,0,0,0,0,0,1,0,0,0
0,1,1,8,1,1,51,415,0,1,0,1,0,1,0,1,0,0,1,1,0,1,0,1,0,1,0,0,0,1,1,0
0,0,0,32,1,0,91,2871,0,1,0,0,1,1,0,1,0,1,0,1,0,0,1,0,1,1,0,0,0,1,0,1
0,1,1,2,0,1,24,36,1,0,0,1,0,1,0,1,0,1,0,1,0,1,0,1,0,1,0,0,0,0,1,1
0,1,1,18,1,1,24,471,1,0,1,0,0,0,0,0,0,0,0,0,0,0,0,0,0,0,0,0,1,0,0,0
0,1,1,52,1,0,20,1078,1,1,0,0,0,0,0,0,0,0,0,0,0,0,0,0,0,0,0,1,0,0,0,0
0,1,0,24,1,0,66,1559,1,0,1,1,0,0,1,0,1,0,1,1,0,1,0,1,0,1,0,0,0,0,0,0
0,0,0,1,1,1,55,55,0,1,0,1,0,1,0,1,0,1,0,1,0,1,0,0,1,1,0,0,0,1,0,1
0,0,0,7,1,1,19,168,0,1,0,0,0,0,0,0,0,0,0,0,0,0,0,0,0,1,0,0,0,0,0,0
1,0,0,8,1,1,100,908,1,0,1,0,1,1,0,1,0,1,0,0,1,0,1,0,1,1,0,0,1,0,0,1
0,1,1,14,1,0,70,1046,1,1,0,0,1,1,0,1,0,1,0,1,0,1,0,1,0,1,0,0,0,1,0,0
0,0,0,13,1,0,19,259,0,1,0,0,0,0,0,0,0,0,0,0,0,0,0,0,0,0,1,0,1,0,0,0
0,1,1,40,1,1,110,4469,0,0,1,0,1,0,1,0,1,1,0,0,1,0,1,0,1,1,0,0,1,0,0,0
0,1,0,63,1,1,81,5224,1,1,0,0,1,0,1,1,0,0,1,1,0,1,0,1,0,0,1,0,1,0,0,0
0,1,0,17,1,1,80,1336,0,0,1,0,1,1,0,0,1,1,0,1,0,1,0,1,0,1,0,1,0,0,0,1
0,1,0,19,1,1,86,1564,1,0,1,0,1,1,0,1,0,1,0,1,0,0,1,1,0,1,0,0,0,1,0,1
0,0,0,12,1,1,45,523,1,1,0,1,0,1,0,1,0,1,0,1,0,1,0,1,0,1,0,0,0,1,0,0
0,1,1,43,1,1,24,993,1,0,1,0,0,0,0,0,0,0,0,0,0,0,0,0,0,0,1,1,0,0,0,0
0,0,0,18,1,1,90,1527,1,0,1,0,1,1,0,0,1,1,0,1,0,0,1,1,0,1,0,0,1,0,1,1
0,0,0,35,1,1,25,901,0,0,1,0,0,0,0,0,0,0,0,0,0,0,0,0,0,1,0,0,0,1,0,0
0,1,1,42,1,1,94,4186,1,0,1,0,1,1,0,1,0,1,0,1,0,0,1,0,1,1,0,0,0,1,1,1
0,0,0,61,1,0,89,5308,1,0,1,1,0,0,1,0,1,0,1,0,1,0,1,0,1,0,0,0,0,1,0,0
0,0,0,39,1,1,95,3692,1,1,0,0,1,0,1,1,0,0,1,0,1,0,1,1,0,0,1,0,0,1,1,0
0,0,0,21,1,1,82,1852,0,0,1,0,1,1,0,0,1,1,0,1,0,1,0,1,0,1,0,0,0,1,1,1
0,0,1,1,1,0,20,20,0,1,0,0,0,0,0,0,0,0,0,0,0,0,0,0,0,1,0,0,0,0,0,0
0,1,1,58,0,0,59,3624,1,0,0,1,0,0,1,1,0,0,1,0,1,0,1,0,1,0,0,0,0,0,0,0
0,0,1,1,1,1,20,20,0,1,0,0,0,0,0,0,0,0,0,0,0,0,0,0,0,1,0,0,0,0,0,0
0,0,0,53,1,0,19,1050,0,1,0,0,0,0,0,0,0,0,0,0,0,0,0,0,0,0,0,0,1,0,0,0
0,0,0,25,1,0,24,692,1,0,1,0,0,0,0,0,0,0,0,0,0,0,0,0,0,0,0,0,1,0,1,0
0,1,0,64,1,0,58,3756,1,0,1,1,0,1,0,1,0,0,1,0,1,1,0,1,0,0,1,1,0,0,0,0
0,0,0,1,1,1,60,60,1,0,1,1,0,1,0,1,0,1,0,1,0,1,0,0,1,1,0,0,0,1,1,1
1,0,0,4,1,0,69,261,0,1,0,0,1,1,0,1,0,1,0,1,0,1,0,1,0,1,0,0,0,1,0,1
0,1,1,5,0,1,30,167,1,0,0,1,0,1,0,0,1,1,0,1,0,1,0,1,0,1,0,0,0,1,0,1
0,1,0,44,1,1,95,4060,1,0,1,0,1,0,1,0,1,0,1,0,1,1,0,1,0,1,0,0,1,0,0,0
0,0,0,31,1,1,103,3066,0,0,1,0,1,1,0,0,1,0,1,1,0,0,1,0,1,0,1,0,0,1,1,0
0,0,0,2,1,1,87,183,1,1,0,0,1,1,0,0,1,1,0,1,0,0,1,1,0,1,0,1,0,0,1,1
0,1,1,71,1,1,116,8297,0,0,1,0,1,0,1,0,1,0,1,0,1,0,1,0,1,0,0,1,0,0,0,0
0,1,1,72,1,0,85,6129,1,1,0,1,0,0,1,0,1,0,1,0,1,0,1,0,1,0,0,1,0,0,0,0
0,1,1,56,1,0,68,3815,1,0,1,1,0,0,1,0,1,1,0,1,0,1,0,0,1,0,1,1,0,0,0,0
0,1,0,24,1,0,20,533,0,1,0,0,0,0,0,0,0,0,0,0,0,0,0,0,0,0,1,0,0,0,0,0
0,0,0,22,1,1,49,1049,1,1,0,1,0,0,1,1,0,1,0,1,0,1,0,1,0,1,0,0,0,1,0,0
0,1,0,33,1,1,72,2447,0,0,1,1,0,0,1,0,1,0,1,1,0,0,1,1,0,1,0,1,0,0,0,0
0,0,0,54,1,0,87,4735,0,0,1,1,0,0,1,1,0,0,1,0,1,0,1,0,1,0,0,1,0,0,0,0
0,1,1,26,1,1,20,505,0,1,0,0,0,0,0,0,0,0,0,0,0,0,0,0,0,0,1,1,0,0,0,0
0,0,0,18,1,0,69,1199,0,0,1,1,0,0,1,1,0,0,1,1,0,0,1,1,0,1,0,0,0,0,0,0
1,0,0,1,0,1,36,36,1,0,0,1,0,1,0,1,0,1,0,1,0,0,1,1,0,1,0,0,0,1,1,1
0,0,0,16,1,0,72,1194,1,0,1,0,1,1,0,1,0,1,0,1,0,1,0,1,0,1,0,0,0,1,1,1
0,0,0,1,1,0,49,49,0,1,0,1,0,0,1,1,0,1,0,1,0,1,0,1,0,1,0,0,0,1,0,0
0,0,1,27,1,0,19,509,0,1,0,0,0,0,0,0,0,0,0,0,0,0,0,0,0,0,0,0,1,0,0,0
0,1,0,16,1,1,100,1534,1,0,1,0,1,1,0,0,1,1,0,1,0,0,1,0,1,1,0,0,0,1,1,1
0,0,0,35,1,0,55,1924,0,0,1,1,0,0,1,1,0,1,0,1,0,1,0,1,0,0,0,0,0,0,0,0
0,1,1,36,1,1,97,3457,1,0,1,0,1,1,0,0,1,0,1,1,0,0,1,1,0,1,0,1,0,0,1,0
1,1,0,37,1,1,92,3473,0,0,1,0,1,1,0,1,0,1,0,1,0,0,1,0,1,1,0,0,0,1,1,1
1,1,0,50,1,1,101,5265,0,0,1,0,1,0,1,0,1,0,1,1,0,0,1,1,0,0,1,1,0,0,0,0
0,0,1,29,0,1,45,1242,0,0,0,1,0,0,1,0,1,0,1,0,1,1,0,1,0,1,0,0,0,0,0,0
1,0,0,1,1,1,69,69,1,1,0,0,1,1,0,1,0,1,0,1,0,1,0,1,0,1,0,0,0,1,1,1
1,0,0,56,1,0,73,4054,1,0,1,1,0,0,1,1,0,0,1,0,1,1,0,0,1,0,0,1,0,0,0,0
1,0,0,5,1,1,83,446,1,0,1,0,1,1,0,1,0,1,0,1,0,0,1,1,0,1,0,0,1,0,1,1
0,1,1,20,1,0,76,1588,1,0,1,1,0,0,1,1,0,1,0,1,0,0,1,0,1,0,1,1,0,0,0,0
0,1,0,33,1,0,20,669,1,1,0,0,0,0,0,0,0,0,0,0,0,0,0,0,0,1,0,0,0,0,0,0
0,0,0,54,0,0,46,2431,0,0,0,1,0,0,1,0,1,1,0,1,0,1,0,0,1,0,0,1,0,0,0,0
0,1,0,62,1,1,60,3753,0,1,0,1,0,1,0,0,1,0,1,0,1,1,0,1,0,0,0,0,1,0,0,0
0,0,0,67,1,1,19,1311,0,1,0,0,0,0,0,0,0,0,0,0,0,0,0,0,0,0,0,0,0,0,0,0
1,1,0,72,0,1,64,4641,0,0,0,1,0,0,1,0,1,0,1,0,1,0,1,0,1,0,0,0,1,0,0,0
0,1,1,69,1,0,24,1718,0,0,1,0,0,0,0,0,0,0,0,0,0,0,0,0,0,0,0,1,0,0,0,0
0,0,1,49,1,0,20,1024,1,1,0,0,0,0,0,0,0,0,0,0,0,0,0,0,0,0,0,0,1,0,0,0
1,0,0,35,1,1,73,2471,0,1,0,1,0,1,0,1,0,0,1,0,1,0,1,0,1,0,1,0,0,1,0,0
0,1,1,69,1,1,103,7446,1,0,1,0,1,1,0,0,1,0,1,1,0,0,1,0,1,1,0,0,0,1,1,0
1,0,0,41,1,1,113,4689,1,0,1,0,1,0,1,0,1,0,1,1,0,0,1,0,1,1,0,0,0,1,1,1
0,0,0,58,1,1,71,4299,1,0,1,1,0,0,1,0,1,0,1,0,1,1,0,1,0,0,1,0,1,0,0,0
0,1,1,1,1,1,70,70,0,1,0,0,1,1,0,1,0,1,0,1,0,1,0,1,0,1,0,0,0,0,1,1
0,0,0,12,1,0,20,265,0,1,0,0,0,0,0,0,0,0,0,0,0,0,0,0,0,1,0,0,1,0,0,0
0,0,1,66,1,0,20,1357,0,1,0,0,0,0,0,0,0,0,0,0,0,0,0,0,0,0,0,0,0,0,0,0
1,0,0,7,1,1,51,419,1,1,0,1,0,1,0,0,1,1,0,1,0,1,0,1,0,1,0,0,0,0,0,0
1,1,0,54,1,1,115,6431,1,0,1,0,1,0,1,0,1,0,1,0,1,0,1,0,1,0,1,1,0,0,0,0
0,1,1,72,1,0,19,1322,0,1,0,0,0,0,0,0,0,0,0,0,0,0,0,0,0,0,0,1,0,0,0,0
0,1,0,42,1,1,106,4512,0,0,1,0,1,1,0,1,0,0,1,0,1,0,1,0,1,1,0,1,0,0,1,0
0,1,0,2,1,1,74,139,1,1,0,0,1,0,1,1,0,1,0,1,0,1,0,1,0,1,0,0,0,1,1,1
0,0,0,10,1,0,46,492,0,1,0,1,0,1,0,1,0,1,0,1,0,1,0,1,0,1,0,0,0,0,0,0
0,1,0,58,1,1,109,6144,1,0,1,0,1,0,1,0,1,0,1,1,0,0,1,0,1,0,0,1,0,0,1,0
0,1,1,9,1,0,48,422,1,1,0,1,0,0,1,1,0,1,0,1,0,1,0,1,0,0,1,0,0,0,0,0
0,0,0,32,1,0,84,2781,1,0,1,0,1,1,0,1,0,1,0,1,0,0,1,1,0,0,1,0,0,1,1,0
0,0,0,6,1,1,20,109,1,1,0,0,0,0,0,0,0,0,0,0,0,0,0,0,0,1,0,0,0,0,0,0
1,1,0,50,1,1,105,5163,0,0,1,0,1,0,1,1,0,0,1,1,0,0,1,0,1,0,0,0,1,0,0,0
0,1,1,57,1,0,20,1123,0,1,0,0,0,0,0,0,0,0,0,0,0,0,0,0,0,0,0,0,0,0,0,0
0,0,0,48,1,0,25,1171,1,0,1,0,0,0,0,0,0,0,0,0,0,0,0,0,0,0,1,0,1,0,0,0
0,0,0,56,1,1,73,4092,1,1,0,0,1,1,0,0,1,1,0,1,0,1,0,1,0,1,0,0,0,1,1,0
0,0,0,67,1,1,102,6886,1,0,1,0,1,0,1,0,1,0,1,1,0,0,1,1,0,1,0,0,1,0,1,0
0,0,0,69,0,1,60,4176,0,0,0,1,0,0,1,0,1,1,0,0,1,0,1,0,1,0,0,1,0,0,0,0
0,0,0,23,1,1,79,1676,1,0,1,0,1,1,0,0,1,1,0,1,0,1,0,1,0,1,0,0,0,1,1,1
0,1,1,5,1,0,20,85,0,1,0,0,0,0,0,0,0,0,0,0,0,0,0,0,0,0,1,0,0,0,0,0
1,1,0,25,1,1,89,2177,0,0,1,0,1,0,1,1,0,1,0,1,0,1,0,0,1,0,1,0,0,1,1,0
0,0,0,8,1,0,100,819,0,0,1,0,1,1,0,0,1,1,0,1,0,0,1,0,1,1,0,0,0,1,1,1
0,0,0,1,1,1,74,74,0,0,1,0,1,1,0,1,0,1,0,1,0,1,0,1,0,1,0,0,0,0,1,1
0,0,0,4,1,0,75,338,1,0,1,0,1,1,0,1,0,1,0,1,0,1,0,1,0,1,0,0,0,1,1,1
0,1,1,55,1,1,75,4213,1,0,1,1,0,0,1,0,1,1,0,0,1,0,1,1,0,0,1,0,1,0,0,0
1,1,0,1,1,1,49,49,1,1,0,1,0,0,1,1,0,1,0,1,0,1,0,1,0,1,0,0,0,1,1,0
0,0,0,42,1,1,20,958,1,1,0,0,0,0,0,0,0,0,0,0,0,0,0,0,0,0,1,0,0,0,0,0
0,1,0,40,1,1,80,3168,0,1,0,0,1,1,0,0,1,0,1,1,0,1,0,1,0,1,0,0,0,1,0,0
0,1,0,10,1,0,19,189,0,1,0,0,0,0,0,0,0,0,0,0,0,0,0,0,0,0,1,1,0,0,0,0
1,0,0,1,1,1,88,88,0,0,1,0,1,1,0,1,0,0,1,1,0,0,1,1,0,1,0,0,0,1,1,1
0,0,0,15,1,0,84,1287,1,1,0,1,0,0,1,0,1,0,1,0,1,0,1,0,1,1,0,0,0,0,0,0
1,1,0,26,1,0,60,1597,1,1,0,1,0,1,0,1,0,0,1,1,0,1,0,0,1,0,1,0,0,0,0,0
0,1,0,70,1,1,109,7674,1,0,1,0,1,1,0,0,1,0,1,0,1,0,1,0,1,0,1,0,0,1,1,0
0,1,1,46,1,1,19,927,1,1,0,0,0,0,0,0,0,0,0,0,0,0,0,0,0,0,0,0,0,0,0,0
0,0,0,12,1,1,49,611,1,1,0,1,0,1,0,0,1,1,0,1,0,1,0,1,0,1,0,0,0,1,0,0
0,1,1,13,1,1,74,896,0,0,1,0,1,1,0,1,0,1,0,1,0,1,0,1,0,1,0,0,1,0,1,1
0,0,0,12,1,1,85,979,1,1,0,0,1,0,1,1,0,1,0,1,0,0,1,1,0,0,1,0,1,0,0,0
0,1,1,65,1,1,104,6725,1,0,1,0,1,0,1,1,0,0,1,1,0,0,1,0,1,0,0,0,1,0,0,0
0,0,0,3,1,1,49,169,0,1,0,1,0,1,0,1,0,0,1,1,0,1,0,1,0,1,0,0,0,1,1,0
0,0,0,32,1,0,19,601,1,1,0,0,0,0,0,0,0,0,0,0,0,0,0,0,0,1,0,1,0,0,0,0
1,1,0,44,0,1,30,1359,0,0,0,1,0,1,0,0,1,1,0,1,0,1,0,1,0,1,0,0,0,1,1,0
0,0,0,1,1,1,49,49,0,1,0,1,0,1,0,1,0,0,1,1,0,1,0,1,0,1,0,0,0,0,1,0
0,0,0,24,1,1,84,1938,1,0,1,0,1,0,1,1,0,1,0,0,1,1,0,1,0,1,0,0,0,1,0,0
0,1,1,72,1,1,112,8041,0,0,1,0,1,1,0,0,1,0,1,0,1,0,1,0,1,0,0,1,0,0,0,0
0,1,0,61,0,1,62,3778,0,0,0,1,0,0,1,1,0,0,1,0,1,0,1,0,1,0,0,0,0,0,0,0
0,0,1,1,1,0,19,19,0,1,0,0,0,0,0,0,0,0,0,0,0,0,0,0,0,1,0,0,0,0,1,0
0,1,1,44,0,1,54,2317,0,0,0,1,0,1,0,1,0,0,1,0,1,0,1,0,1,0,1,0,0,1,0,0
0,1,1,62,1,1,24,1424,0,0,1,0,0,0,0,0,0,0,0,0,0,0,0,0,0,0,0,1,0,0,0,0
0,1,1,10,1,1,19,196,1,1,0,0,0,0,0,0,0,0,0,0,0,0,0,0,0,1,0,1,0,0,0,0
0,0,0,58,1,1,106,6145,1,1,0,0,1,0,1,0,1,0,1,1,0,0,1,0,1,0,1,0,0,1,1,0
0,0,0,1,1,0,76,76,1,0,1,0,1,1,0,1,0,1,0,1,0,1,0,1,0,1,0,0,0,1,1,1
0,1,1,71,1,1,114,8175,0,0,1,0,1,0,1,0,1,0,1,0,1,0,1,0,1,0,0,1,0,0,0,0
0,0,0,1,1,0,51,51,0,1,0,1,0,1,0,1,0,1,0,0,1,1,0,1,0,1,0,0,0,0,1,0
0,0,0,20,1,1,68,1416,0,0,1,1,0,1,0,0,1,1,0,0,1,0,1,1,0,0,1,0,0,1,0,0
1,0,0,1,1,0,78,78,1,1,0,0,1,1,0,1,0,1,0,1,0,0,1,1,0,1,0,0,0,1,1,1
0,0,0,9,1,1,44,348,0,1,0,1,0,1,0,1,0,1,0,1,0,1,0,1,0,1,0,0,0,0,0,0
0,1,0,70,1,0,101,7085,0,1,0,0,1,0,1,0,1,0,1,0,1,1,0,0,1,0,0,0,1,0,0,0
0,1,1,53,1,0,60,3297,1,1,0,1,0,1,0,1,0,0,1,1,0,1,0,0,1,0,1,0,1,0,0,0
0,0,1,8,1,0,19,159,0,1,0,0,0,0,0,0,0,0,0,0,0,0,0,0,0,1,0,1,0,0,0,0
0,0,0,6,0,1,63,348,1,0,0,1,0,0,1,0,1,0,1,0,1,0,1,0,1,0,0,0,0,0,0,0
0,0,0,26,1,1,51,1295,0,0,1,1,0,1,0,1,0,1,0,1,0,1,0,1,0,0,1,0,1,0,0,0
0,0,0,47,1,0,75,3545,1,1,0,0,1,0,1,1,0,1,0,1,0,1,0,1,0,1,0,0,1,0,0,0
0,1,1,55,1,1,85,4600,1,0,1,0,1,0,1,0,1,1,0,1,0,1,0,1,0,1,0,0,0,1,0,0
1,0,0,66,1,0,110,7432,0,0,1,0,1,1,0,0,1,0,1,0,1,0,1,0,1,0,1,0,1,0,1,0
0,0,1,31,1,1,79,2587,0,0,1,1,0,1,0,0,1,1,0,0,1,0,1,0,1,0,1,0,0,0,1,0
0,1,0,32,1,1,79,2619,0,0,1,0,1,1,0,1,0,1,0,0,1,1,0,1,0,0,1,0,0,1,0,0
0,1,1,65,1,1,74,4820,0,1,0,1,0,0,1,1,0,1,0,0,1,0,1,0,1,0,0,1,0,0,1,0
1,0,0,1,1,0,45,45,1,1,0,1,0,1,0,1,0,1,0,1,0,1,0,1,0,1,0,0,0,0,1,0
0,0,0,5,1,0,20,109,0,1,0,0,0,0,0,0,0,0,0,0,0,0,0,0,0,1,0,0,0,0,0,0
0,1,1,17,1,1,66,1077,0,0,1,1,0,1,0,0,1,0,1,0,1,1,0,1,0,1,0,0,0,0,0,0
0,0,1,21,1,0,24,467,0,0,1,0,0,0,0,0,0,0,0,0,0,0,0,0,0,1,0,0,0,0,0,0
0,0,0,67,1,0,19,1311,0,1,0,0,0,0,0,0,0,0,0,0,0,0,0,0,0,0,0,1,0,0,0,0
0,0,0,40,1,0,67,2731,0,1,0,1,0,0,1,1,0,0,1,1,0,1,0,0,1,1,0,0,0,1,0,0
0,0,1,72,1,1,19,1567,1,1,0,0,0,0,0,0,0,0,0,0,0,0,0,0,0,0,0,0,0,0,0,0
0,0,0,2,1,1,47,92,0,1,0,1,0,0,1,1,0,1,0,1,0,1,0,1,0,1,0,0,0,1,1,0
1,0,0,3,1,1,105,294,0,0,1,0,1,1,0,0,1,0,1,1,0,0,1,0,1,1,0,0,0,1,1,1
0,0,0,17,1,0,56,946,0,1,0,1,0,0,1,0,1,1,0,1,0,1,0,1,0,0,1,0,0,0,0,0
0,0,0,66,1,1,114,7383,0,0,1,0,1,0,1,0,1,0,1,0,1,0,1,0,1,0,1,1,0,0,0,0
0,1,1,61,1,1,98,6145,0,1,0,0,1,1,0,0,1,1,0,0,1,0,1,0,1,0,1,1,0,0,0,0
1,0,0,13,1,1,59,788,0,1,0,1,0,1,0,0,1,1,0,1,0,0,1,1,0,1,0,0,0,1,0,0
0,1,0,37,1,1,19,717,1,1,0,0,0,0,0,0,0,0,0,0,0,0,0,0,0,0,1,1,0,0,0,0
0,0,0,19,1,1,106,1934,1,1,0,0,1,0,1,1,0,0,1,0,1,0,1,0,1,1,0,0,0,1,1,0
0,0,1,48,1,0,19,936,1,1,0,0,0,0,0,0,0,0,0,0,0,0,0,0,0,0,1,0,0,0,0,0
0,1,0,1,1,1,55,55,1,1,0,1,0,1,0,1,0,1,0,1,0,0,1,1,0,1,0,0,0,0,0,0
1,1,0,7,0,0,29,220,0,0,0,1,0,0,1,1,0,1,0,1,0,1,0,1,0,1,0,1,0,0,0,0
0,0,0,62,1,1,92,5755,1,0,1,0,1,0,1,0,1,0,1,1,0,1,0,1,0,0,1,0,0,1,0,0
0,1,1,27,1,0,100,2793,0,0,1,0,1,0,1,0,1,1,0,0,1,0,1,1,0,1,0,0,0,1,0,0
0,1,1,39,1,1,23,903,0,0,1,0,0,0,0,0,0,0,0,0,0,0,0,0,0,0,0,0,0,0,0,0
0,0,0,2,1,0,62,118,0,0,1,1,0,1,0,1,0,1,0,1,0,1,0,0,1,1,0,1,0,0,1,0
0,0,0,2,1,0,20,38,1,1,0,0,0,0,0,0,0,0,0,0,0,0,0,0,0,1,0,0,0,0,1,0
0,1,0,42,1,1,108,4586,0,0,1,0,1,1,0,1,0,0,1,0,1,0,1,0,1,0,1,0,0,1,0,0
0,0,0,22,1,1,79,1730,0,0,1,0,1,1,0,0,1,1,0,1,0,1,0,1,0,1,0,0,0,1,1,1
0,0,0,40,1,1,84,3369,0,0,1,0,1,1,0,1,0,1,0,1,0,0,1,1,0,1,0,0,0,1,0,0
0,1,1,49,1,1,97,4917,0,0,1,0,1,1,0,1,0,1,0,0,1,0,1,0,1,0,1,0,0,1,0,0
0,1,0,11,1,1,44,483,1,1,0,1,0,1,0,1,0,1,0,1,0,1,0,1,0,1,0,0,0,1,1,0
0,0,0,9,1,1,83,803,1,0,1,0,1,1,0,1,0,1,0,1,0,1,0,0,1,1,0,0,0,1,1,1
0,1,1,71,1,0,91,6293,1,0,1,1,0,0,1,0,1,0,1,0,1,0,1,0,1,0,0,0,0,0,0,0
0,0,0,60,1,1,104,6236,1,1,0,0,1,0,1,1,0,0,1,0,1,0,1,0,1,1,0,1,0,0,0,0
0,0,0,20,1,1,44,927,1,1,0,1,0,1,0,1,0,1,0,1,0,1,0,1,0,1,0,0,0,1,0,0
0,1,1,72,1,1,115,8220,1,0,1,0,1,0,1,0,1,0,1,0,1,0,1,0,1,0,0,1,0,0,0,0
0,1,0,52,1,1,91,4627,0,0,1,0,1,0,1,1,0,0,1,0,1,1,0,1,0,0,0,0,1,0,0,0
0,1,1,72,1,1,90,6441,0,0,1,1,0,0,1,0,1,0,1,0,1,0,1,0,1,0,0,0,1,0,0,0
0,0,0,18,1,1,19,389,1,1,0,0,0,0,0,0,0,0,0,0,0,0,0,0,0,1,0,0,0,0,0,0
0,1,0,5,1,1,68,351,1,1,0,0,1,1,0,1,0,1,0,1,0,1,0,1,0,1,0,0,0,1,0,1
0,1,1,70,1,0,114,7842,0,0,1,0,1,0,1,0,1,0,1,0,1,0,1,0,1,0,0,0,1,0,0,0
0,0,0,50,0,1,35,1782,0,0,0,1,0,0,1,0,1,1,0,1,0,1,0,1,0,1,0,0,0,0,0,0
0,0,0,62,1,0,69,4237,0,0,1,1,0,0,1,0,1,0,1,0,1,1,0,1,0,0,0,1,0,0,0,0
0,1,0,61,1,1,69,4226,0,0,1,1,0,0,1,1,0,0,1,1,0,1,0,0,1,0,0,0,0,0,0,0
0,0,0,1,1,0,20,20,0,1,0,0,0,0,0,0,0,0,0,0,0,0,0,0,0,1,0,0,0,0,1,0
0,0,0,11,1,0,20,237,1,1,0,0,0,0,0,0,0,0,0,0,0,0,0,0,0,0,1,0,1,0,0,0
0,1,0,37,1,0,72,2658,1,0,1,1,0,1,0,0,1,1,0,0,1,1,0,0,1,0,1,0,0,0,0,0
0,1,0,48,1,0,19,855,0,1,0,0,0,0,0,0,0,0,0,0,0,0,0,0,0,0,0,0,0,0,0,0
1,0,0,12,0,1,43,526,0,0,0,1,0,1,0,1,0,0,1,0,1,1,0,0,1,1,0,0,0,1,1,1
0,1,1,70,1,1,69,4872,1,0,1,1,0,0,1,0,1,1,0,1,0,0,1,1,0,0,0,0,1,0,0,0
1,0,0,9,1,0,54,494,0,0,1,1,0,0,1,1,0,1,0,1,0,1,0,1,0,1,0,0,0,1,1,0
0,0,0,1,1,0,43,43,1,1,0,1,0,1,0,1,0,1,0,1,0,1,0,1,0,1,0,0,0,0,1,0
0,1,1,1,1,1,80,80,1,1,0,0,1,1,0,1,0,1,0,1,0,0,1,1,0,1,0,0,0,0,1,1
0,0,0,38,1,1,103,3988,1,0,1,0,1,1,0,1,0,0,1,0,1,0,1,0,1,1,0,0,0,1,0,1
0,0,0,10,1,0,75,786,0,0,1,0,1,1,0,1,0,1,0,1,0,1,0,1,0,1,0,0,0,1,0,1
0,1,0,70,1,1,110,7752,1,0,1,0,1,1,0,0,1,0,1,0,1,0,1,0,1,0,0,0,0,1,0,0
0,1,0,29,0,1,45,1332,0,0,0,1,0,1,0,1,0,1,0,1,0,0,1,0,1,1,0,0,0,1,0,0
1,0,0,42,1,1,79,3344,0,0,1,0,1,1,0,0,1,1,0,1,0,1,0,1,0,1,0,1,0,0,0,0
0,0,1,24,1,0,19,498,1,1,0,0,0,0,0,0,0,0,0,0,0,0,0,0,0,0,0,0,0,0,0,0
1,0,0,18,1,1,80,1411,0,0,1,0,1,1,0,0,1,1,0,1,0,1,0,1,0,1,0,0,1,0,0,1
0,1,1,72,1,1,104,7459,0,0,1,0,1,1,0,0,1,0,1,1,0,0,1,0,1,0,1,0,1,0,0,0
1,1,0,30,1,1,105,3181,0,0,1,0,1,0,1,0,1,0,1,0,1,0,1,1,0,1,0,1,0,0,0,0
0,1,1,54,1,0,69,3871,1,1,0,1,0,0,1,1,0,0,1,0,1,1,0,0,1,0,0,1,0,0,0,0
0,1,0,59,1,0,66,3958,0,1,0,1,0,0,1,0,1,0,1,1,0,0,1,1,0,0,1,0,1,0,0,0
1,1,0,70,1,1,102,7101,0,0,1,0,1,1,0,0,1,0,1,1,0,0,1,0,1,1,0,0,0,1,1,0
0,1,0,71,1,0,87,6365,1,0,1,1,0,0,1,0,1,0,1,0,1,0,1,0,1,0,0,1,0,0,0,0
0,1,1,56,1,1,19,1119,1,1,0,0,0,0,0,0,0,0,0,0,0,0,0,0,0,0,0,0,1,0,0,0
0,0,0,19,1,1,86,1532,0,0,1,0,1,1,0,1,0,1,0,1,0,1,0,0,1,1,0,1,0,0,1,1
1,0,0,59,1,1,89,5496,1,0,1,0,1,0,1,0,1,0,1,1,0,1,0,1,0,1,0,0,0,1,0,0
0,1,1,57,1,0,19,1061,0,1,0,0,0,0,0,0,0,0,0,0,0,0,0,0,0,0,1,0,0,0,0,0
0,1,1,29,1,0,20,558,1,1,0,0,0,0,0,0,0,0,0,0,0,0,0,0,0,0,0,0,0,0,0,0
0,1,0,71,1,1,24,1681,1,0,1,0,0,0,0,0,0,0,0,0,0,0,0,0,0,0,0,0,1,0,0,0
1,0,1,30,1,1,101,2974,1,0,1,0,1,1,0,1,0,1,0,0,1,0,1,0,1,1,0,0,0,1,0,1
0,0,0,29,1,1,58,1696,0,1,0,1,0,0,1,0,1,1,0,0,1,1,0,1,0,0,1,0,0,1,0,0
0,0,0,21,1,0,61,1393,0,1,0,1,0,1,0,1,0,0,1,1,0,1,0,0,1,1,0,0,0,0,0,0
0,1,1,23,1,0,25,611,1,0,1,0,0,0,0,0,0,0,0,0,0,0,0,0,0,0,0,0,0,0,0,0
0,1,1,8,1,1,51,411,0,1,0,1,0,0,1,1,0,1,0,1,0,1,0,1,0,1,0,0,1,0,0,0
0,1,1,1,1,0,18,18,0,1,0,0,0,0,0,0,0,0,0,0,0,0,0,0,0,0,1,0,0,0,0,0
0,1,1,9,1,0,54,452,0,1,0,1,0,1,0,0,1,1,0,0,1,1,0,1,0,1,0,0,0,0,0,0
1,0,0,14,1,1,74,1036,0,0,1,0,1,1,0,1,0,1,0,1,0,1,0,1,0,1,0,0,0,1,1,1
0,0,0,29,0,0,34,1004,0,0,0,1,0,1,0,0,1,1,0,0,1,1,0,1,0,1,0,0,0,1,0,0
0,1,1,72,1,1,110,7966,0,0,1,0,1,0,1,0,1,0,1,1,0,0,1,0,1,0,0,1,0,0,0,0
1,1,0,35,1,1,81,2815,0,0,1,0,1,1,0,1,0,0,1,1,0,1,0,1,0,0,1,1,0,0,0,0
0,0,0,62,1,1,80,4981,0,1,0,1,0,1,0,0,1,0,1,0,1,0,1,0,1,1,0,1,0,0,0,0
1,1,0,60,0,1,49,2907,1,0,0,1,0,1,0,0,1,1,0,1,0,0,1,0,1,0,0,0,1,0,0,0
0,1,1,71,1,0,76,5436,1,1,0,0,1,1,0,1,0,0,1,1,0,1,0,1,0,0,0,0,0,1,0,0
0,1,1,41,1,1,109,4454,1,0,1,0,1,1,0,0,1,0,1,0,1,0,1,0,1,0,1,1,0,0,0,0
0,0,0,1,1,0,19,19,0,1,0,0,0,0,0,0,0,0,0,0,0,0,0,0,0,1,0,0,0,1,0,0
0,0,0,2,1,0,19,39,0,1,0,0,0,0,0,0,0,0,0,0,0,0,0,0,0,1,0,0,0,0,0,0
0,0,0,18,1,1,96,1740,1,1,0,0,1,0,1,1,0,1,0,1,0,0,1,0,1,1,0,0,0,1,1,1
0,0,1,11,0,0,25,321,1,0,0,1,0,1,0,1,0,1,0,1,0,1,0,1,0,1,0,0,0,1,0,0
1,1,0,72,1,0,78,5602,1,0,1,0,1,0,1,1,0,1,0,1,0,1,0,1,0,0,0,1,0,0,0,0
0,1,1,51,1,0,84,4299,0,0,1,0,1,1,0,0,1,1,0,0,1,1,0,1,0,0,1,1,0,0,0,0
0,1,1,21,1,1,74,1565,1,1,0,0,1,1,0,0,1,1,0,1,0,1,0,1,0,1,0,1,0,0,1,0
0,0,0,1,1,0,20,20,0,1,0,0,0,0,0,0,0,0,0,0,0,0,0,0,0,1,0,0,0,0,0,0
0,0,0,4,1,1,88,355,1,0,1,0,1,1,0,0,1,1,0,1,0,1,0,0,1,1,0,0,0,1,1,1
1,1,0,60,1,1,110,6668,1,1,0,0,1,0,1,0,1,0,1,0,1,0,1,0,1,0,0,1,0,0,0,0
0,0,0,8,1,0,54,447,1,1,0,1,0,0,1,1,0,1,0,0,1,1,0,1,0,0,1,1,0,0,0,0
0,1,1,57,1,1,100,5611,1,0,1,0,1,1,0,0,1,1,0,1,0,0,1,0,1,1,0,0,0,1,0,0
0,0,0,14,1,1,24,321,0,0,1,0,0,0,0,0,0,0,0,0,0,0,0,0,0,0,1,0,1,0,0,0
1,0,0,2,1,1,84,186,1,0,1,0,1,1,0,1,0,1,0,1,0,1,0,0,1,1,0,0,0,1,0,1
0,0,0,10,1,1,70,740,0,1,0,0,1,1,0,1,0,1,0,1,0,1,0,1,0,1,0,0,0,1,1,1
0,0,0,1,1,1,20,20,0,1,0,0,0,0,0,0,0,0,0,0,0,0,0,0,0,1,0,1,0,0,1,0
0,1,0,61,1,0,25,1554,1,0,1,0,0,0,0,0,0,0,0,0,0,0,0,0,0,0,0,1,0,0,0,0
1,1,0,70,1,1,75,5411,1,0,1,0,1,1,0,1,0,1,0,1,0,1,0,1,0,0,0,0,1,0,0,0
0,0,0,2,1,0,60,111,1,1,0,1,0,1,0,1,0,0,1,1,0,1,0,0,1,1,0,0,0,1,0,0
1,0,0,1,1,1,89,89,1,1,0,0,1,1,0,1,0,1,0,1,0,0,1,0,1,1,0,0,0,1,1,1
0,1,1,38,1,0,20,749,1,1,0,0,0,0,0,0,0,0,0,0,0,0,0,0,0,0,1,0,0,0,0,0
1,1,0,7,1,1,70,467,0,1,0,0,1,1,0,1,0,1,0,1,0,1,0,1,0,1,0,0,0,0,1,1
1,1,1,60,1,1,93,5774,0,0,1,0,1,0,1,0,1,1,0,1,0,1,0,0,1,1,0,0,0,1,0,0
0,0,0,2,1,0,49,103,1,1,0,1,0,1,0,0,1,1,0,1,0,1,0,1,0,1,0,0,0,0,0,0
0,0,0,2,1,1,90,168,1,1,0,0,1,1,0,1,0,1,0,1,0,0,1,0,1,1,0,0,0,1,1,1
0,1,0,8,1,1,75,658,0,1,0,0,1,0,1,1,0,1,0,1,0,1,0,1,0,1,0,0,0,0,0,0
0,1,1,67,1,1,111,7482,0,0,1,0,1,0,1,0,1,0,1,1,0,0,1,0,1,0,1,0,0,1,1,0
0,0,0,3,0,1,35,106,0,0,0,1,0,0,1,0,1,1,0,1,0,1,0,1,0,1,0,0,0,0,1,0
0,0,0,27,1,1,19,460,0,1,0,0,0,0,0,0,0,0,0,0,0,0,0,0,0,1,0,0,1,0,0,0
0,0,0,3,1,1,64,195,0,1,0,1,0,0,1,1,0,1,0,0,1,0,1,1,0,1,0,0,1,0,0,0
0,1,0,15,1,1,19,340,0,1,0,0,0,0,0,0,0,0,0,0,0,0,0,0,0,1,0,0,1,0,0,0
0,1,1,7,1,1,89,608,0,1,0,0,1,1,0,0,1,1,0,0,1,0,1,1,0,1,0,0,0,1,1,1
0,0,0,1,1,1,20,20,0,1,0,0,0,0,0,0,0,0,0,0,0,0,0,0,0,1,0,0,0,0,0,0
0,1,1,48,1,0,20,1057,1,1,0,0,0,0,0,0,0,0,0,0,0,0,0,0,0,0,0,1,0,0,0,0
0,0,0,70,0,1,40,2799,0,0,0,1,0,1,0,1,0,1,0,0,1,1,0,0,1,0,0,0,0,0,0,0
0,1,1,60,1,1,20,1270,0,1,0,0,0,0,0,0,0,0,0,0,0,0,0,0,0,0,0,1,0,0,0,0
0,0,0,9,1,0,19,157,1,1,0,0,0,0,0,0,0,0,0,0,0,0,0,0,0,1,0,0,0,0,0,0
1,1,0,2,1,0,79,172,1,0,1,0,1,1,0,1,0,0,1,1,0,1,0,1,0,1,0,0,0,1,1,1
0,1,1,1,0,0,30,30,1,0,0,1,0,0,1,1,0,1,0,1,0,1,0,1,0,1,0,1,0,0,1,0
0,0,0,1,1,1,70,70,1,1,0,0,1,1,0,1,0,1,0,1,0,1,0,1,0,1,0,0,0,1,1,1
0,1,1,58,1,1,91,5511,1,1,0,0,1,1,0,0,1,0,1,1,0,0,1,1,0,1,0,0,0,1,0,0
0,0,1,39,0,0,30,1131,1,0,0,1,0,1,0,1,0,0,1,1,0,1,0,1,0,1,0,0,1,0,1,0
1,1,0,71,1,1,92,6585,0,0,1,0,1,0,1,0,1,0,1,0,1,1,0,1,0,0,1,0,0,1,0,0
0,1,1,22,1,0,20,419,0,1,0,0,0,0,0,0,0,0,0,0,0,0,0,0,0,0,1,0,0,0,0,0
0,0,1,17,1,0,44,681,0,1,0,1,0,1,0,1,0,1,0,1,0,1,0,1,0,0,1,0,0,0,0,0
0,0,0,13,0,0,35,450,1,0,0,1,0,1,0,1,0,0,1,0,1,1,0,1,0,0,0,0,0,0,0,0
0,0,0,1,1,1,69,69,0,1,0,0,1,1,0,1,0,1,0,1,0,1,0,1,0,1,0,0,0,1,1,1
0,1,0,44,1,1,61,2722,1,1,0,1,0,0,1,0,1,0,1,1,0,1,0,1,0,0,1,0,0,0,0,0
0,0,0,1,1,1,79,79,0,1,0,0,1,1,0,1,0,1,0,1,0,0,1,1,0,1,0,0,0,1,1,1
0,1,1,53,1,1,78,3942,0,0,1,1,0,1,0,1,0,0,1,0,1,0,1,0,1,0,1,0,0,0,0,0
0,0,0,3,0,0,25,79,0,0,0,1,0,1,0,1,0,1,0,1,0,1,0,1,0,1,0,0,0,1,0,1
0,1,0,24,1,1,79,1928,1,0,1,0,1,1,0,1,0,0,1,1,0,1,0,1,0,1,0,0,0,0,0,0
1,1,0,62,1,1,97,5936,1,0,1,0,1,1,0,0,1,0,1,1,0,0,1,1,0,0,1,0,1,0,0,0
0,0,0,5,1,1,44,202,1,1,0,1,0,1,0,1,0,1,0,1,0,1,0,1,0,1,0,0,1,0,0,0
0,0,0,6,1,1,55,340,1,1,0,1,0,1,0,1,0,1,0,1,0,1,0,0,1,1,0,0,0,1,0,1
0,1,0,49,1,1,20,973,1,1,0,0,0,0,0,0,0,0,0,0,0,0,0,0,0,0,0,1,0,0,0,0
0,0,0,5,1,1,19,86,0,1,0,0,0,0,0,0,0,0,0,0,0,0,0,0,0,1,0,0,0,0,0,0
1,0,0,2,1,1,94,181,0,0,1,0,1,1,0,1,0,1,0,1,0,0,1,0,1,1,0,0,0,1,1,1
0,1,0,71,1,1,116,8564,0,0,1,0,1,0,1,0,1,0,1,0,1,0,1,0,1,0,0,0,0,1,0,0
0,1,0,53,1,0,110,5835,1,1,0,0,1,0,1,0,1,0,1,0,1,0,1,0,1,0,1,0,0,1,0,0
0,1,1,45,1,1,54,2319,1,1,0,1,0,1,0,0,1,1,0,0,1,1,0,1,0,0,1,0,1,0,1,0
0,0,0,27,1,0,19,501,1,1,0,0,0,0,0,0,0,0,0,0,0,0,0,0,0,0,1,0,0,0,0,0
0,1,1,36,1,0,51,1815,1,1,0,1,0,0,1,1,0,1,0,1,0,1,0,1,0,1,0,0,1,0,0,0
0,0,1,54,1,1,55,3092,0,0,1,1,0,1,0,0,1,1,0,1,0,1,0,1,0,1,0,0,1,0,1,0
0,1,0,57,1,0,107,5969,0,0,1,0,1,1,0,1,0,0,1,0,1,0,1,0,1,0,0,0,0,1,0,0
0,0,0,1,1,1,50,50,0,1,0,1,0,1,0,0,1,1,0,1,0,1,0,1,0,1,0,0,0,1,1,0
0,1,1,34,1,0,84,2839,1,1,0,1,0,0,1,0,1,0,1,0,1,0,1,0,1,0,0,0,0,0,0,0
0,0,0,56,0,1,44,2564,1,0,0,1,0,1,0,1,0,1,0,1,0,0,1,0,1,1,0,0,1,0,0,0
0,0,0,11,1,1,76,837,1,0,1,0,1,1,0,1,0,1,0,1,0,1,0,1,0,1,0,0,0,1,1,1
0,1,1,7,1,0,20,144,0,1,0,0,0,0,0,0,0,0,0,0,0,0,0,0,0,1,0,0,0,0,0,0
0,1,1,5,1,0,64,316,0,0,1,1,0,0,1,0,1,1,0,0,1,1,0,1,0,1,0,0,1,0,0,0
0,1,1,24,1,0,74,1821,0,0,1,1,0,0,1,1,0,1,0,1,0,0,1,0,1,0,1,0,0,0,0,0
1,1,0,54,1,0,74,3919,0,0,1,0,1,1,0,1,0,1,0,1,0,1,0,1,0,1,0,1,0,0,0,0
0,1,0,72,1,1,89,6254,0,0,1,1,0,0,1,0,1,0,1,0,1,0,1,0,1,0,0,1,0,0,0,0
0,1,1,30,1,0,67,2000,0,0,1,1,0,0,1,0,1,0,1,0,1,1,0,1,0,1,0,0,0,1,0,0
1,0,0,15,1,1,96,1426,1,1,0,0,1,0,1,1,0,0,1,0,1,1,0,0,1,1,0,0,0,0,1,0
0,1,1,15,1,0,20,284,1,1,0,0,0,0,0,0,0,0,0,0,0,0,0,0,0,1,0,0,0,0,0,0
1,0,0,57,1,1,104,5913,0,0,1,0,1,1,0,0,1,1,0,0,1,0,1,0,1,1,0,1,0,0,0,0
0,1,1,72,1,0,90,6565,0,0,1,0,1,1,0,0,1,0,1,0,1,1,0,1,0,0,0,1,0,0,0,0
0,1,1,13,1,0,97,1334,0,1,0,0,1,1,0,1,0,0,1,1,0,0,1,0,1,1,0,0,0,1,0,1
0,0,0,60,1,0,20,1093,1,1,0,0,0,0,0,0,0,0,0,0,0,0,0,0,0,0,0,0,0,0,0,0
0,0,0,22,1,0,65,1427,0,0,1,1,0,0,1,0,1,0,1,1,0,1,0,1,0,1,0,0,0,0,0,0
0,0,0,34,1,1,105,3540,0,0,1,0,1,1,0,0,1,1,0,0,1,0,1,0,1,1,0,0,0,1,0,1
0,0,0,7,1,1,79,586,1,1,0,0,1,1,0,1,0,1,0,1,0,0,1,1,0,1,0,0,0,1,1,1
0,1,1,20,1,0,20,417,1,1,0,0,0,0,0,0,0,0,0,0,0,0,0,0,0,1,0,0,0,1,0,0
0,1,1,52,1,0,85,4433,1,1,0,0,1,1,0,0,1,0,1,0,1,1,0,1,0,1,0,1,0,0,0,0
0,0,0,24,1,1,99,2404,0,0,1,0,1,1,0,0,1,1,0,1,0,0,1,0,1,1,0,1,0,0,0,1
1,0,0,4,1,0,48,179,1,0,1,1,0,1,0,1,0,1,0,1,0,1,0,1,0,1,0,0,0,0,0,0
1,1,0,57,1,1,71,4140,0,0,1,1,0,1,0,0,1,0,1,1,0,0,1,1,0,0,1,0,1,0,0,0
0,1,1,66,1,0,65,4097,0,1,0,1,0,0,1,0,1,0,1,0,1,1,0,1,0,0,0,0,0,0,0,0
0,0,0,11,1,1,64,716,1,1,0,1,0,1,0,1,0,1,0,1,0,0,1,0,1,1,0,0,0,1,0,1
0,1,1,57,1,1,84,4845,1,0,1,1,0,0,1,1,0,0,1,0,1,0,1,0,1,0,0,0,0,1,0,0
0,1,1,40,1,1,84,3303,1,0,1,0,1,1,0,1,0,0,1,0,1,1,0,1,0,1,0,0,0,1,1,0
1,0,0,57,0,1,55,3094,1,0,0,1,0,1,0,0,1,0,1,1,0,0,1,0,1,1,0,0,0,1,0,0
0,0,0,2,1,1,95,196,1,0,1,0,1,1,0,1,0,1,0,1,0,0,1,0,1,1,0,0,0,1,1,1
0,1,1,70,1,0,78,5445,0,0,1,1,0,0,1,0,1,0,1,0,1,1,0,0,1,0,1,1,0,0,0,0
1,1,0,7,1,1,89,676,0,1,0,0,1,1,0,1,0,1,0,1,0,0,1,0,1,1,0,0,0,1,1,1
0,0,0,17,1,0,21,385,0,1,0,0,0,0,0,0,0,0,0,0,0,0,0,0,0,1,0,0,1,0,0,0
1,0,1,33,1,1,105,3465,1,0,1,0,1,1,0,0,1,0,1,1,0,0,1,0,1,1,0,1,0,0,0,1
1,0,0,18,1,1,73,1359,1,1,0,0,1,1,0,0,1,1,0,1,0,1,0,1,0,1,0,0,0,1,0,1
0,1,1,63,1,0,63,4014,1,1,0,1,0,0,1,0,1,0,1,0,1,1,0,1,0,0,0,0,0,0,0,0
0,0,0,20,1,1,18,347,1,1,0,0,0,0,0,0,0,0,0,0,0,0,0,0,0,1,0,0,1,0,0,0
0,0,0,70,1,0,84,5991,1,0,1,1,0,0,1,0,1,0,1,1,0,0,1,0,1,0,0,0,0,0,0,0
1,1,0,53,1,1,95,5016,1,0,1,0,1,1,0,1,0,1,0,1,0,0,1,0,1,0,1,0,1,0,0,0
0,1,0,24,1,0,20,456,1,1,0,0,0,0,0,0,0,0,0,0,0,0,0,0,0,0,1,0,0,0,0,0
0,1,1,56,1,1,99,5608,1,0,1,0,1,1,0,0,1,0,1,0,1,1,0,0,1,0,1,0,1,0,0,0
0,1,0,39,1,1,104,4134,1,1,0,0,1,0,1,1,0,0,1,0,1,0,1,0,1,0,1,0,1,0,1,0
1,1,0,17,1,1,92,1614,1,0,1,0,1,1,0,1,0,1,0,1,0,0,1,0,1,1,0,0,0,1,0,1
0,1,0,15,1,1,68,1108,0,1,0,0,1,1,0,1,0,1,0,1,0,1,0,1,0,1,0,1,0,0,0,1
1,1,1,38,1,0,101,3741,0,0,1,0,1,1,0,0,1,1,0,1,0,0,1,0,1,1,0,0,0,1,0,1
0,0,0,13,0,0,49,649,1,0,0,1,0,1,0,1,0,0,1,1,0,0,1,0,1,1,0,0,0,1,0,1
0,1,1,44,1,0,20,926,0,1,0,0,0,0,0,0,0,0,0,0,0,0,0,0,0,0,1,1,0,0,0,0
1,1,0,46,1,1,80,3605,0,1,0,0,1,1,0,1,0,1,0,1,0,1,0,0,1,1,0,0,0,1,1,0
0,1,0,56,1,1,98,5669,1,1,0,0,1,1,0,1,0,0,1,0,1,0,1,0,1,1,0,0,0,1,0,0
1,0,0,2,1,1,44,92,0,1,0,1,0,1,0,1,0,1,0,1,0,1,0,1,0,1,0,0,0,1,1,1
0,0,0,6,1,0,18,110,0,1,0,0,0,0,0,0,0,0,0,0,0,0,0,0,0,1,0,0,0,0,0,0
1,1,1,48,0,0,29,1388,1,0,0,1,0,1,0,0,1,1,0,1,0,1,0,1,0,0,1,1,0,0,0,0
0,1,1,68,1,1,78,5333,1,0,1,1,0,0,1,0,1,0,1,0,1,1,0,0,1,0,1,0,0,1,0,0
0,0,0,31,1,1,80,2429,0,0,1,0,1,1,0,0,1,1,0,1,0,1,0,1,0,1,0,0,0,1,0,0
0,0,0,12,1,1,112,1384,0,0,1,0,1,1,0,0,1,0,1,0,1,0,1,0,1,1,0,0,0,0,1,1
0,0,0,1,1,1,70,70,1,1,0,0,1,1,0,1,0,1,0,1,0,1,0,1,0,1,0,0,0,1,1,1
1,1,0,72,1,0,89,6352,1,0,1,1,0,0,1,0,1,0,1,0,1,0,1,0,1,0,0,0,1,0,0,0
1,0,0,5,1,0,20,94,0,1,0,0,0,0,0,0,0,0,0,0,0,0,0,0,0,1,0,1,0,0,0,0
0,0,0,3,1,1,75,244,1,1,0,1,0,1,0,0,1,1,0,0,1,0,1,0,1,1,0,0,0,1,0,0
0,1,0,63,1,1,102,6444,0,0,1,0,1,1,0,0,1,0,1,1,0,0,1,0,1,1,0,0,0,1,0,0
0,0,0,67,1,1,72,4991,1,1,0,1,0,0,1,1,0,0,1,0,1,1,0,0,1,0,1,1,0,0,0,0
0,1,0,66,1,1,66,4428,0,0,1,1,0,0,1,0,1,0,1,1,0,1,0,1,0,0,0,0,1,0,0,0
0,0,0,23,1,0,20,473,0,1,0,0,0,0,0,0,0,0,0,0,0,0,0,0,0,1,0,0,0,1,0,0
0,1,1,8,1,0,21,139,1,1,0,0,0,0,0,0,0,0,0,0,0,0,0,0,0,1,0,0,1,0,0,0
0,1,0,64,1,0,19,1208,1,1,0,0,0,0,0,0,0,0,0,0,0,0,0,0,0,0,0,0,1,0,0,0
0,1,0,16,0,1,49,810,1,0,0,1,0,1,0,1,0,1,0,0,1,0,1,0,1,1,0,0,0,1,1,1
1,0,0,17,1,1,94,1608,1,0,1,0,1,1,0,1,0,1,0,1,0,0,1,0,1,1,0,0,0,1,0,1
0,0,0,1,1,0,19,19,1,1,0,0,0,0,0,0,0,0,0,0,0,0,0,0,0,1,0,0,0,0,1,0
0,1,0,72,1,1,100,7325,0,0,1,0,1,0,1,0,1,1,0,0,1,1,0,0,1,0,0,1,0,0,0,0
0,0,0,15,1,1,100,1415,1,0,1,0,1,1,0,0,1,1,0,1,0,0,1,0,1,1,0,0,0,1,0,1
0,0,0,60,1,0,80,4847,1,0,1,1,0,1,0,1,0,0,1,0,1,0,1,0,1,0,1,0,1,0,0,0
0,0,0,15,1,1,55,899,1,0,1,1,0,0,1,1,0,1,0,1,0,1,0,1,0,1,0,0,0,0,1,0
0,0,0,1,1,0,95,95,1,0,1,0,1,1,0,1,0,1,0,1,0,0,1,0,1,1,0,0,0,0,1,1
0,0,1,8,0,1,38,330,1,0,0,1,0,0,1,1,0,1,0,1,0,1,0,0,1,1,0,0,0,1,0,0
0,1,0,63,1,1,79,4786,1,0,1,1,0,0,1,0,1,1,0,1,0,0,1,0,1,0,1,0,1,0,0,0
0,0,0,1,1,1,44,44,0,1,0,1,0,1,0,1,0,1,0,1,0,1,0,1,0,1,0,0,0,1,0,1
0,0,0,1,1,1,48,48,0,1,0,1,0,0,1,1,0,1,0,1,0,1,0,1,0,1,0,0,0,0,1,0
0,0,1,1,1,0,54,54,1,1,0,1,0,0,1,1,0,1,0,0,1,1,0,1,0,1,0,0,0,1,0,0
1,1,0,56,1,0,95,5471,1,0,1,0,1,0,1,0,1,0,1,0,1,1,0,1,0,0,1,0,0,1,0,0
0,1,0,35,1,0,61,2130,0,1,0,1,0,0,1,0,1,0,1,1,0,1,0,1,0,1,0,0,0,0,0,0
0,1,0,22,1,1,87,1850,0,1,0,0,1,1,0,1,0,0,1,1,0,0,1,1,0,1,0,1,0,0,0,1
0,0,0,1,1,1,19,19,0,1,0,0,0,0,0,0,0,0,0,0,0,0,0,0,0,1,0,0,0,0,0,0
0,0,0,50,1,1,93,4747,0,1,0,0,1,0,1,0,1,1,0,0,1,1,0,0,1,1,0,0,1,0,0,0
0,1,0,41,1,1,80,3439,0,0,1,0,1,1,0,0,1,1,0,1,0,1,0,1,0,1,0,0,0,1,0,0
0,1,1,39,1,0,100,3835,0,0,1,0,1,1,0,1,0,0,1,1,0,0,1,0,1,0,1,0,0,1,0,0
0,0,0,1,1,1,53,53,0,1,0,1,0,0,1,1,0,1,0,0,1,1,0,1,0,1,0,0,0,1,1,0
0,1,1,8,1,0,56,401,1,1,0,1,0,1,0,0,1,1,0,0,1,1,0,1,0,1,0,1,0,0,0,0
0,0,0,20,1,0,78,1641,0,1,0,0,1,1,0,1,0,1,0,1,0,0,1,1,0,1,0,0,0,1,0,1
1,1,0,51,1,1,93,4750,0,0,1,0,1,0,1,1,0,0,1,1,0,0,1,1,0,1,0,1,0,0,1,0
1,0,0,1,1,0,74,74,0,1,0,0,1,1,0,1,0,1,0,0,1,1,0,1,0,1,0,0,0,1,0,1
1,1,0,72,1,1,84,6141,0,1,0,0,1,0,1,0,1,1,0,0,1,1,0,1,0,0,0,0,1,0,0,0
1,1,0,24,1,1,93,2231,0,1,0,0,1,1,0,1,0,0,1,1,0,0,1,0,1,1,0,0,0,1,1,1
0,0,0,56,1,0,19,1051,1,1,0,0,0,0,0,0,0,0,0,0,0,0,0,0,0,0,0,1,0,0,0,0
0,0,0,53,1,0,99,5424,1,1,0,0,1,0,1,0,1,0,1,0,1,1,0,0,1,0,0,0,0,0,0,0
0,1,1,47,1,0,54,2538,0,0,1,1,0,1,0,0,1,1,0,1,0,1,0,1,0,1,0,0,0,1,0,0
0,1,1,72,1,1,109,7711,1,0,1,0,1,1,0,0,1,0,1,0,1,0,1,0,1,0,0,1,0,0,0,0
0,1,1,11,1,1,74,834,0,0,1,0,1,1,0,1,0,1,0,1,0,1,0,1,0,1,0,0,0,1,1,1
1,1,0,60,1,1,116,6925,1,0,1,0,1,0,1,0,1,0,1,0,1,0,1,0,1,0,0,1,0,0,0,0
1,0,0,19,1,1,88,1775,0,0,1,0,1,1,0,0,1,1,0,1,0,0,1,1,0,1,0,0,0,1,1,1
0,0,1,1,1,1,21,21,0,1,0,0,0,0,0,0,0,0,0,0,0,0,0,0,0,1,0,0,0,0,0,0
0,0,0,32,1,1,54,1739,1,0,1,1,0,1,0,0,1,1,0,1,0,1,0,1,0,1,0,0,0,1,0,0
0,1,1,8,1,0,19,169,0,1,0,0,0,0,0,0,0,0,0,0,0,0,0,0,0,1,0,0,1,0,0,0
0,0,0,5,1,0,75,392,0,1,0,1,0,1,0,1,0,0,1,0,1,0,1,0,1,1,0,1,0,0,0,0
0,0,0,36,1,1,19,679,1,1,0,0,0,0,0,0,0,0,0,0,0,0,0,0,0,0,1,1,0,0,0,0
0,0,0,23,1,1,90,1943,0,0,1,0,1,1,0,1,0,1,0,0,1,0,1,1,0,1,0,0,0,1,1,1
0,0,0,5,1,1,69,324,0,1,0,0,1,1,0,1,0,1,0,1,0,1,0,1,0,1,0,0,0,1,1,1
0,1,1,38,1,1,20,746,1,1,0,0,0,0,0,0,0,0,0,0,0,0,0,0,0,0,0,0,0,0,0,0
0,0,0,1,1,1,75,75,0,0,1,0,1,1,0,1,0,1,0,1,0,1,0,1,0,1,0,0,0,1,1,1
0,0,0,42,1,0,79,3313,0,0,1,0,1,1,0,1,0,0,1,1,0,1,0,1,0,1,0,0,0,1,0,0
1,0,0,70,0,1,45,3264,0,0,0,1,0,1,0,1,0,1,0,1,0,0,1,0,1,0,1,0,0,1,1,0
0,0,0,2,1,0,19,46,0,1,0,0,0,0,0,0,0,0,0,0,0,0,0,0,0,1,0,0,0,0,0,0
1,0,0,1,1,1,69,69,1,1,0,0,1,1,0,1,0,1,0,1,0,1,0,1,0,1,0,0,0,1,1,1
0,1,1,2,0,0,29,44,1,0,0,1,0,1,0,1,0,1,0,0,1,1,0,1,0,1,0,1,0,0,0,0
0,0,0,2,1,1,76,162,0,0,1,0,1,1,0,1,0,1,0,1,0,1,0,1,0,1,0,0,0,1,1,1
0,0,0,41,1,0,98,3990,1,0,1,0,1,1,0,1,0,0,1,1,0,0,1,0,1,1,0,1,0,0,0,0
0,0,0,1,1,0,51,51,0,1,0,1,0,0,1,1,0,1,0,1,0,1,0,1,0,1,0,0,0,0,0,0
0,1,1,70,1,1,90,6237,0,0,1,1,0,0,1,0,1,0,1,0,1,0,1,0,1,0,0,0,1,0,0,0
0,1,0,31,1,1,59,1882,0,0,1,1,0,1,0,1,0,1,0,1,0,0,1,1,0,1,0,0,1,0,0,0
0,0,0,18,1,1,69,1221,1,1,0,0,1,1,0,1,0,1,0,1,0,1,0,1,0,1,0,0,0,1,0,1
0,0,0,1,0,0,30,30,1,0,0,1,0,1,0,1,0,1,0,0,1,1,0,1,0,1,0,0,0,0,0,0
0,1,1,14,1,0,18,255,1,1,0,0,0,0,0,0,0,0,0,0,0,0,0,0,0,0,0,0,0,0,0,0
0,1,0,72,1,1,79,5753,0,1,0,1,0,0,1,0,1,1,0,0,1,0,1,0,1,0,0,1,0,0,0,0
0,0,0,58,1,1,24,1519,1,0,1,0,0,0,0,0,0,0,0,0,0,0,0,0,0,0,0,0,1,0,0,0
0,0,0,34,1,1,64,2088,1,0,1,1,0,0,1,0,1,1,0,0,1,1,0,1,0,0,1,0,0,0,1,0
0,1,0,2,1,0,19,52,1,1,0,0,0,0,0,0,0,0,0,0,0,0,0,0,0,1,0,1,0,0,0,0
0,1,1,14,1,1,84,1203,1,0,1,0,1,1,0,1,0,1,0,1,0,0,1,1,0,1,0,0,0,1,0,1
0,1,1,61,1,0,88,5526,1,0,1,1,0,0,1,0,1,0,1,0,1,0,1,0,1,0,0,0,0,0,0,0
0,1,0,38,1,1,105,4026,1,0,1,0,1,1,0,1,0,0,1,0,1,0,1,0,1,1,0,0,0,1,1,1
0,1,1,58,1,1,93,5435,1,0,1,0,1,0,1,0,1,1,0,1,0,1,0,0,1,1,0,1,0,0,1,0
0,0,0,2,1,0,70,132,0,1,0,1,0,1,0,1,0,1,0,0,1,0,1,0,1,1,0,0,0,1,0,0
0,0,1,1,1,0,20,20,0,1,0,0,0,0,0,0,0,0,0,0,0,0,0,0,0,1,0,0,0,0,0,0
0,0,0,39,1,1,80,3201,1,1,0,0,1,1,0,1,0,0,1,0,1,1,0,1,0,0,0,0,0,1,1,0
0,0,0,68,1,1,76,5023,0,0,1,1,0,0,1,0,1,0,1,1,0,1,0,0,1,0,1,0,1,0,0,0
0,1,1,31,1,0,21,697,1,1,0,0,0,0,0,0,0,0,0,0,0,0,0,0,0,0,0,0,0,0,0,0
0,1,1,55,1,1,69,3842,1,1,0,0,1,1,0,1,0,1,0,1,0,1,0,1,0,0,0,0,1,0,0,0
0,1,1,14,1,1,90,1259,1,0,1,0,1,1,0,0,1,1,0,1,0,1,0,0,1,1,0,1,0,0,1,1
1,0,0,55,1,1,100,5509,1,0,1,0,1,1,0,1,0,0,1,1,0,0,1,0,1,0,1,0,0,1,1,0
0,0,0,25,1,1,105,2686,0,1,0,0,1,0,1,1,0,0,1,0,1,0,1,0,1,1,0,0,0,1,0,0
0,1,1,72,1,0,89,6339,0,0,1,1,0,0,1,0,1,0,1,0,1,0,1,0,1,0,0,0,1,0,0,0
1,1,0,6,1,1,80,457,0,0,1,0,1,1,0,1,0,0,1,1,0,1,0,1,0,1,0,0,0,1,0,1
1,1,0,45,1,1,86,3861,1,1,0,0,1,1,0,1,0,0,1,1,0,1,0,0,1,1,0,0,0,1,0,0
0,1,1,56,1,1,59,3457,0,1,0,1,0,0,1,0,1,0,1,1,0,1,0,1,0,0,0,1,0,0,0,0
0,0,0,13,0,1,35,446,1,0,0,1,0,1,0,1,0,1,0,1,0,1,0,0,1,1,0,0,0,1,1,1
0,1,0,28,1,1,104,3046,1,0,1,0,1,1,0,1,0,0,1,0,1,0,1,0,1,1,0,0,0,1,1,1
0,1,0,7,1,1,44,313,1,1,0,1,0,1,0,1,0,1,0,1,0,1,0,1,0,1,0,0,0,0,0,0
1,0,0,18,1,1,103,1806,1,0,1,0,1,1,0,0,1,1,0,0,1,0,1,0,1,1,0,0,1,0,0,1
0,0,0,46,1,1,94,4422,0,0,1,0,1,1,0,0,1,0,1,1,0,0,1,1,0,0,1,0,1,0,0,0
0,1,0,64,1,0,25,1584,1,0,1,0,0,0,0,0,0,0,0,0,0,0,0,0,0,0,0,0,1,0,0,0
0,0,0,4,1,1,46,193,1,1,0,1,0,1,0,1,0,1,0,1,0,1,0,1,0,1,0,0,0,0,1,0
0,1,0,71,0,1,47,3377,1,0,0,1,0,0,1,0,1,0,1,0,1,1,0,1,0,0,0,1,0,0,0,0
0,1,1,38,1,0,20,781,1,1,0,0,0,0,0,0,0,0,0,0,0,0,0,0,0,1,0,0,0,0,0,0
0,0,1,55,1,0,19,1001,0,1,0,0,0,0,0,0,0,0,0,0,0,0,0,0,0,0,1,1,0,0,0,0
1,0,0,1,1,1,85,85,1,1,0,0,1,1,0,1,0,0,1,1,0,1,0,0,1,1,0,0,0,1,1,1
0,0,0,11,1,1,94,999,1,1,0,0,1,1,0,0,1,0,1,0,1,1,0,0,1,1,0,0,0,1,0,1
0,1,0,63,1,1,103,6603,0,0,1,0,1,1,0,0,1,0,1,1,0,0,1,0,1,1,0,0,0,1,1,0
1,1,0,66,1,1,80,5265,1,0,1,1,0,1,0,0,1,0,1,1,0,0,1,0,1,0,0,1,0,0,1,0
1,0,0,22,1,1,96,2082,0,0,1,0,1,1,0,1,0,1,0,1,0,0,1,0,1,1,0,0,0,1,1,1
0,0,0,5,1,1,84,424,1,0,1,0,1,1,0,1,0,1,0,1,0,0,1,1,0,1,0,0,0,1,0,1
1,0,0,18,1,1,49,865,1,1,0,1,0,1,0,0,1,1,0,1,0,1,0,1,0,1,0,0,1,0,0,0
0,0,0,20,1,0,19,406,1,1,0,0,0,0,0,0,0,0,0,0,0,0,0,0,0,0,0,0,0,0,0,0
1,1,0,18,1,0,99,1836,1,0,1,0,1,1,0,1,0,1,0,0,1,0,1,0,1,1,0,1,0,0,1,1
0,1,1,65,1,0,108,6937,0,0,1,0,1,0,1,1,0,0,1,0,1,0,1,0,1,0,0,1,0,0,1,0
0,1,1,69,1,0,86,6194,0,0,1,1,0,0,1,1,0,0,1,0,1,0,1,0,1,0,0,1,0,0,0,0
0,1,0,52,1,1,64,3410,1,1,0,1,0,0,1,1,0,0,1,1,0,0,1,1,0,0,1,0,0,0,0,0
0,0,0,2,1,1,80,181,0,1,0,0,1,1,0,1,0,1,0,1,0,1,0,0,1,1,0,0,0,1,1,1
1,1,1,48,1,1,104,5068,1,1,0,0,1,0,1,1,0,0,1,0,1,0,1,0,1,1,0,0,0,1,0,0
0,1,0,42,1,1,84,3588,1,0,1,0,1,1,0,1,0,0,1,0,1,1,0,1,0,1,0,0,0,1,1,0
1,1,0,23,1,1,104,2184,0,0,1,0,1,1,0,0,1,0,1,1,0,0,1,0,1,1,0,0,0,1,0,1
0,1,0,72,1,1,103,7346,0,0,1,0,1,1,0,0,1,0,1,1,0,0,1,0,1,0,0,1,0,0,0,0
0,1,1,24,1,1,24,587,0,0,1,0,0,0,0,0,0,0,0,0,0,0,0,0,0,0,0,1,0,0,0,0
0,0,1,7,0,0,29,201,1,0,0,1,0,0,1,1,0,1,0,1,0,1,0,1,0,1,0,0,0,0,0,0
0,0,0,66,1,1,92,6056,1,0,1,0,1,1,0,1,0,0,1,1,0,0,1,1,0,0,1,1,0,0,0,0
0,0,0,67,1,1,118,7804,0,0,1,0,1,0,1,0,1,0,1,0,1,0,1,0,1,0,1,1,0,0,1,0
0,1,0,47,1,1,104,5135,0,0,1,0,1,1,0,0,1,0,1,1,0,0,1,0,1,1,0,0,0,1,0,1
1,1,0,47,1,0,99,4747,1,0,1,0,1,1,0,1,0,0,1,1,0,0,1,0,1,1,0,0,0,1,0,1
0,0,0,2,1,0,53,119,0,1,0,1,0,0,1,1,0,0,1,1,0,1,0,1,0,1,0,0,0,1,0,0
0,1,1,12,1,0,25,274,1,0,1,0,0,0,0,0,0,0,0,0,0,0,0,0,0,0,0,0,1,0,0,0
0,0,0,3,1,1,70,220,0,1,0,0,1,1,0,1,0,1,0,1,0,1,0,1,0,1,0,0,0,0,0,1
1,1,0,69,1,1,95,6382,0,0,1,0,1,1,0,0,1,0,1,1,0,1,0,0,1,1,0,1,0,0,0,0
0,0,0,1,1,1,79,79,0,1,0,0,1,1,0,1,0,1,0,1,0,0,1,1,0,1,0,0,0,1,1,1
0,1,1,8,1,1,43,345,0,1,0,1,0,1,0,1,0,1,0,1,0,1,0,1,0,0,1,0,0,0,0,0
0,0,0,3,1,1,105,323,0,0,1,0,1,1,0,0,1,0,1,1,0,0,1,0,1,1,0,1,0,0,1,1
0,1,1,30,0,0,51,1561,1,0,0,1,0,1,0,1,0,1,0,0,1,0,1,0,1,1,0,0,1,0,1,0
0,0,0,29,1,1,75,2243,0,1,0,1,0,1,0,1,0,0,1,0,1,0,1,0,1,0,1,1,0,0,0,0
0,0,0,40,1,1,20,827,1,1,0,0,0,0,0,0,0,0,0,0,0,0,0,0,0,0,0,1,0,0,0,0
0,1,0,72,1,0,86,6094,0,0,1,1,0,0,1,1,0,0,1,0,1,0,1,0,1,0,0,0,1,0,0,0
0,1,0,48,1,1,111,5315,0,0,1,0,1,0,1,0,1,0,1,1,0,0,1,0,1,1,0,1,0,0,0,0
1,0,0,47,1,0,85,4042,0,1,0,0,1,0,1,1,0,1,0,1,0,1,0,0,1,1,0,0,0,0,1,0
1,0,0,4,1,0,20,91,1,1,0,0,0,0,0,0,0,0,0,0,0,0,0,0,0,1,0,0,0,0,0,0
0,1,1,72,1,1,114,8289,0,0,1,0,1,0,1,0,1,0,1,0,1,0,1,0,1,0,0,0,1,0,0,0
0,0,0,1,1,1,19,19,0,1,0,0,0,0,0,0,0,0,0,0,0,0,0,0,0,1,0,0,1,0,0,0
0,0,1,52,1,0,25,1334,0,0,1,0,0,0,0,0,0,0,0,0,0,0,0,0,0,0,0,0,1,0,0,0
0,1,0,5,0,1,24,100,0,0,0,1,0,1,0,1,0,1,0,1,0,1,0,1,0,1,0,0,0,1,1,1
0,1,1,22,1,0,20,488,0,1,0,0,0,0,0,0,0,0,0,0,0,0,0,0,0,0,1,1,0,0,0,0
0,1,1,18,1,1,61,1087,1,1,0,1,0,0,1,0,1,1,0,0,1,1,0,1,0,0,1,0,0,0,0,0
0,1,1,54,1,1,24,1342,1,0,1,0,0,0,0,0,0,0,0,0,0,0,0,0,0,0,1,1,0,0,0,0
0,0,0,25,1,0,20,541,0,1,0,0,0,0,0,0,0,0,0,0,0,0,0,0,0,1,0,0,0,0,0,0
0,0,0,38,1,0,20,743,1,1,0,0,0,0,0,0,0,0,0,0,0,0,0,0,0,0,0,0,0,0,0,0
0,1,0,2,1,1,70,141,1,1,0,0,1,1,0,1,0,1,0,1,0,1,0,1,0,1,0,0,0,1,1,1
0,0,0,2,1,1,54,117,1,0,1,1,0,1,0,1,0,1,0,0,1,1,0,1,0,1,0,0,0,0,0,0
0,0,0,7,1,1,70,450,1,1,0,1,0,1,0,1,0,1,0,0,1,0,1,0,1,1,0,0,1,0,1,0
0,0,0,4,1,1,56,234,0,1,0,1,0,1,0,1,0,1,0,1,0,0,1,1,0,1,0,0,0,1,0,1
0,1,1,3,0,0,29,91,1,0,0,1,0,0,1,1,0,1,0,1,0,1,0,1,0,1,0,0,1,0,1,0
0,1,0,53,1,0,19,1110,0,1,0,0,0,0,0,0,0,0,0,0,0,0,0,0,0,0,0,0,1,0,0,0
0,0,0,17,1,0,20,337,1,1,0,0,0,0,0,0,0,0,0,0,0,0,0,0,0,0,1,0,1,0,0,0
0,0,0,70,0,1,44,3058,1,0,0,1,0,0,1,0,1,0,1,0,1,1,0,1,0,0,0,1,0,0,0,0
0,0,0,25,1,1,94,2362,0,0,1,0,1,1,0,1,0,1,0,1,0,0,1,0,1,1,0,1,0,0,1,1
0,0,0,1,1,0,20,20,0,1,0,0,0,0,0,0,0,0,0,0,0,0,0,0,0,1,0,0,0,0,0,0
0,0,0,1,1,0,49,49,1,1,0,1,0,0,1,1,0,1,0,1,0,1,0,1,0,1,0,1,0,0,0,0
1,0,0,24,1,1,20,459,1,1,0,0,0,0,0,0,0,0,0,0,0,0,0,0,0,1,0,0,0,0,0,0
1,0,0,3,1,0,91,289,0,0,1,0,1,1,0,1,0,0,1,1,0,0,1,1,0,1,0,0,0,1,1,1
0,1,1,48,1,0,23,1173,0,0,1,0,0,0,0,0,0,0,0,0,0,0,0,0,0,0,0,0,0,0,0,0
0,0,0,66,0,1,62,4136,1,0,0,1,0,0,1,0,1,0,1,0,1,0,1,0,1,0,0,1,0,0,0,0
0,1,1,19,1,1,100,1875,0,0,1,0,1,1,0,1,0,1,0,0,1,0,1,0,1,0,1,0,0,1,1,0
0,0,0,1,1,1,50,50,1,1,0,1,0,1,0,1,0,0,1,1,0,1,0,1,0,1,0,0,0,0,1,0
0,1,1,72,1,0,25,1787,1,0,1,0,0,0,0,0,0,0,0,0,0,0,0,0,0,0,0,1,0,0,0,0
0,0,0,10,1,1,19,193,0,1,0,0,0,0,0,0,0,0,0,0,0,0,0,0,0,1,0,0,0,0,0,0
0,1,1,54,1,1,65,3566,0,0,1,1,0,0,1,0,1,1,0,0,1,1,0,1,0,0,0,0,1,0,0,0
0,1,0,71,1,0,24,1836,1,0,1,0,0,0,0,0,0,0,0,0,0,0,0,0,0,0,0,1,0,0,0,0
0,1,1,27,1,1,75,1929,0,0,1,0,1,1,0,1,0,1,0,1,0,1,0,1,0,1,0,1,0,0,0,0
0,1,0,57,1,1,19,1134,1,1,0,0,0,0,0,0,0,0,0,0,0,0,0,0,0,0,0,1,0,0,0,0
0,1,1,10,1,0,70,676,1,0,1,1,0,0,1,0,1,1,0,1,0,0,1,1,0,0,1,0,0,1,0,0
1,0,0,2,1,0,81,162,1,1,0,0,1,1,0,1,0,1,0,1,0,0,1,1,0,1,0,0,0,0,0,1
0,0,0,34,1,1,79,2727,1,1,0,1,0,0,1,1,0,0,1,0,1,0,1,0,1,0,1,1,0,0,0,0
1,1,0,19,0,1,34,577,0,0,0,1,0,1,0,0,1,0,1,1,0,1,0,1,0,1,0,0,1,0,0,0
0,0,0,17,1,1,70,1144,1,1,0,0,1,1,0,1,0,1,0,1,0,1,0,1,0,1,0,0,0,1,1,1
0,0,0,66,0,0,29,1983,0,0,0,1,0,1,0,1,0,1,0,0,1,1,0,1,0,0,1,0,1,0,0,0
0,0,0,31,1,1,79,2404,1,0,1,0,1,1,0,1,0,1,0,0,1,1,0,1,0,1,0,0,1,0,1,0
0,0,0,56,0,0,45,2560,1,0,0,1,0,0,1,0,1,0,1,0,1,1,0,1,0,0,0,1,0,0,0,0
0,0,1,49,1,1,100,5069,0,0,1,0,1,1,0,1,0,1,0,0,1,0,1,0,1,0,1,1,0,0,1,0
0,0,1,27,1,0,56,1567,0,1,0,1,0,0,1,0,1,1,0,1,0,1,0,1,0,0,1,0,0,0,0,0
0,0,0,45,1,0,73,3349,1,0,1,1,0,0,1,1,0,1,0,0,1,1,0,0,1,0,0,0,0,0,0,0
0,0,0,1,0,0,25,25,0,0,0,1,0,1,0,1,0,1,0,1,0,1,0,1,0,1,0,0,0,0,0,1
0,0,0,3,1,0,19,57,1,1,0,0,0,0,0,0,0,0,0,0,0,0,0,0,0,1,0,0,0,0,0,0
0,0,0,35,1,0,61,2021,0,1,0,1,0,0,1,0,1,0,1,1,0,1,0,1,0,0,1,0,0,0,0,0
1,0,0,5,1,0,78,378,1,1,0,0,1,1,0,1,0,1,0,1,0,1,0,0,1,1,0,0,0,1,1,1
0,0,0,54,1,1,79,4308,0,0,1,0,1,1,0,0,1,1,0,1,0,1,0,1,0,1,0,1,0,0,0,0
0,0,0,13,1,0,19,244,1,1,0,0,0,0,0,0,0,0,0,0,0,0,0,0,0,0,1,0,0,1,0,0
1,0,0,3,1,1,94,335,0,0,1,0,1,1,0,1,0,1,0,1,0,0,1,0,1,1,0,0,0,1,0,1
0,1,0,9,1,1,75,655,1,1,0,0,1,1,0,1,0,0,1,1,0,1,0,1,0,1,0,1,0,0,1,1
0,0,0,24,1,0,56,1381,1,1,0,1,0,0,1,1,0,1,0,0,1,1,0,1,0,1,0,0,1,0,0,0
0,0,0,9,1,1,68,576,0,1,0,1,0,0,1,1,0,0,1,0,1,1,0,0,1,1,0,1,0,0,0,0
0,1,1,70,1,0,65,4543,1,0,1,1,0,0,1,1,0,1,0,1,0,1,0,0,1,0,1,1,0,0,0,0
0,1,0,72,1,1,110,7982,1,0,1,0,1,1,0,0,1,0,1,0,1,0,1,0,1,0,0,1,0,0,0,0
0,1,1,45,1,1,109,4900,0,0,1,0,1,1,0,0,1,0,1,0,1,0,1,0,1,0,0,1,0,0,0,0
0,0,0,39,0,1,40,1630,1,0,0,1,0,0,1,0,1,1,0,0,1,1,0,1,0,0,1,1,0,0,0,0
0,1,0,51,1,1,96,4911,0,0,1,0,1,0,1,0,1,1,0,1,0,1,0,0,1,0,1,0,1,0,0,0
0,0,0,1,1,1,20,20,0,1,0,0,0,0,0,0,0,0,0,0,0,0,0,0,0,1,0,0,0,0,1,0
0,0,0,29,0,1,25,712,1,0,0,1,0,1,0,1,0,1,0,1,0,1,0,1,0,1,0,0,1,0,1,0
0,0,0,22,1,1,24,493,0,0,1,0,0,0,0,0,0,0,0,0,0,0,0,0,0,1,0,0,1,0,0,0
1,0,0,20,1,1,85,1727,1,0,1,0,1,1,0,1,0,1,0,1,0,1,0,0,1,1,0,0,1,0,1,1
0,0,0,8,0,0,29,216,0,0,0,1,0,0,1,1,0,1,0,1,0,1,0,1,0,1,0,0,0,0,0,0
0,1,0,15,1,1,84,1308,1,1,0,0,1,1,0,1,0,0,1,1,0,0,1,1,0,1,0,0,0,1,1,1
0,0,0,1,1,1,50,50,0,1,0,1,0,0,1,1,0,1,0,1,0,1,0,1,0,1,0,0,0,0,0,0
0,1,1,54,1,0,60,3273,1,0,1,1,0,0,1,1,0,1,0,0,1,1,0,1,0,0,0,1,0,0,0,0
0,1,1,18,1,0,19,309,1,1,0,0,0,0,0,0,0,0,0,0,0,0,0,0,0,0,0,0,0,0,0,0
1,1,0,18,1,1,59,1011,0,1,0,1,0,0,1,1,0,1,0,1,0,1,0,0,1,1,0,0,1,0,0,0
0,1,1,72,0,0,45,3139,0,0,0,1,0,0,1,0,1,0,1,0,1,1,0,1,0,0,0,0,1,0,0,0
0,1,1,33,1,1,24,740,1,0,1,0,0,0,0,0,0,0,0,0,0,0,0,0,0,0,0,0,0,0,1,0
0,0,0,7,1,1,69,515,1,1,0,0,1,1,0,1,0,1,0,1,0,1,0,1,0,1,0,1,0,0,0,1
0,1,0,44,0,0,54,2390,0,0,0,1,0,1,0,0,1,0,1,1,0,0,1,0,1,0,0,1,0,0,0,0
0,0,0,2,1,0,74,147,1,0,1,0,1,1,0,1,0,1,0,1,0,1,0,1,0,1,0,0,1,0,1,1
0,0,0,58,1,0,80,4807,0,0,1,0,1,1,0,1,0,1,0,0,1,1,0,1,0,1,0,1,0,0,0,0
0,1,0,2,1,1,94,167,0,1,0,0,1,1,0,1,0,1,0,0,1,0,1,0,1,1,0,0,0,1,1,1
0,0,0,17,1,0,19,340,1,1,0,0,0,0,0,0,0,0,0,0,0,0,0,0,0,1,0,0,1,0,0,0
0,0,0,36,1,1,104,3886,1,0,1,0,1,1,0,0,1,0,1,1,0,0,1,0,1,0,1,1,0,0,0,0
1,1,0,71,1,0,89,6435,1,1,0,0,1,1,0,0,1,0,1,1,0,1,0,0,1,0,0,0,1,0,0,0
1,0,0,67,1,1,75,5060,0,0,1,0,1,1,0,1,0,1,0,1,0,1,0,1,0,1,0,0,0,0,0,0
0,1,0,17,0,1,49,836,0,0,0,1,0,1,0,0,1,1,0,1,0,0,1,0,1,1,0,0,0,0,0,0
0,1,1,67,1,1,112,7388,1,0,1,0,1,1,0,0,1,0,1,0,1,0,1,0,1,0,1,0,1,0,0,0
0,0,0,65,1,0,105,6631,0,0,1,0,1,1,0,0,1,0,1,1,0,0,1,0,1,0,0,0,1,0,0,0
0,1,1,1,1,1,68,68,0,1,0,0,1,1,0,1,0,1,0,1,0,1,0,1,0,1,0,0,0,1,1,1
0,1,0,7,1,1,81,576,1,1,0,0,1,1,0,1,0,1,0,1,0,0,1,1,0,1,0,0,0,1,1,1
0,1,1,11,1,1,20,196,1,1,0,0,0,0,0,0,0,0,0,0,0,0,0,0,0,0,1,0,0,0,0,0
0,1,0,69,1,1,116,8182,1,0,1,0,1,0,1,0,1,0,1,0,1,0,1,0,1,0,0,0,0,1,0,0
0,1,0,70,1,0,19,1303,1,1,0,0,0,0,0,0,0,0,0,0,0,0,0,0,0,0,0,1,0,0,0,0
0,1,1,72,0,0,64,4528,1,0,0,1,0,0,1,0,1,0,1,0,1,0,1,0,1,0,0,1,0,0,0,0
0,0,0,7,1,1,73,511,1,0,1,0,1,1,0,1,0,1,0,1,0,1,0,1,0,1,0,0,0,1,1,1
0,0,1,3,1,0,69,220,0,1,0,0,1,1,0,1,0,1,0,1,0,1,0,1,0,1,0,0,0,1,1,1
0,1,0,72,1,0,85,6151,0,0,1,1,0,1,0,0,1,0,1,0,1,0,1,0,1,0,0,1,0,0,0,0
0,0,0,16,1,1,93,1573,1,1,0,0,1,1,0,0,1,0,1,1,0,1,0,0,1,1,0,0,1,0,1,1
0,0,0,38,1,0,20,741,1,1,0,0,0,0,0,0,0,0,0,0,0,0,0,0,0,0,0,0,0,0,0,0
0,0,0,1,1,1,70,70,1,1,0,0,1,1,0,1,0,1,0,1,0,1,0,1,0,1,0,0,0,1,1,1
0,0,0,1,1,1,42,42,0,1,0,1,0,1,0,1,0,1,0,1,0,1,0,1,0,1,0,0,0,1,1,1
0,1,0,42,0,0,33,1445,1,0,0,1,0,1,0,0,1,1,0,0,1,1,0,1,0,0,1,0,0,0,1,0
1,0,0,3,1,0,75,202,1,1,0,0,1,1,0,1,0,0,1,1,0,1,0,1,0,1,0,0,0,0,0,1
0,0,0,35,1,1,108,4025,0,0,1,0,1,0,1,1,0,0,1,0,1,0,1,0,1,0,0,0,0,1,0,0
0,1,1,72,1,1,114,8058,0,0,1,0,1,0,1,0,1,0,1,0,1,0,1,0,1,0,0,0,1,0,0,0
0,1,0,64,1,0,25,1714,1,0,1,0,0,0,0,0,0,0,0,0,0,0,0,0,0,0,0,0,0,0,0,0
0,0,0,1,1,0,45,45,0,1,0,1,0,1,0,1,0,1,0,1,0,1,0,1,0,1,0,0,0,1,1,0
0,1,0,12,1,0,54,690,1,1,0,1,0,0,1,1,0,1,0,0,1,1,0,1,0,1,0,1,0,0,0,0
1,1,0,10,1,1,89,914,0,0,1,0,1,1,0,1,0,0,1,1,0,1,0,0,1,1,0,0,0,1,1,1
0,0,0,15,1,0,19,297,1,1,0,0,0,0,0,0,0,0,0,0,0,0,0,0,0,1,0,1,0,0,1,0
1,1,0,29,0,1,45,1228,1,0,0,1,0,0,1,1,0,0,1,1,0,1,0,0,1,1,0,0,0,1,0,0
0,1,1,63,1,1,80,4896,0,1,0,0,1,1,0,0,1,0,1,1,0,1,0,1,0,1,0,0,1,0,0,0
0,1,1,36,1,1,104,3684,1,0,1,0,1,0,1,1,0,0,1,1,0,0,1,0,1,1,0,0,1,0,0,0
0,1,0,55,1,1,94,5073,1,0,1,0,1,1,0,0,1,0,1,1,0,0,1,1,0,1,0,0,1,0,0,0
0,1,1,72,1,1,106,7548,0,0,1,0,1,0,1,0,1,0,1,0,1,0,1,1,0,0,0,0,1,0,0,0
0,0,0,5,1,1,64,370,1,0,1,1,0,1,0,0,1,1,0,1,0,1,0,0,1,1,0,0,0,1,0,1
0,0,0,16,1,1,74,1170,0,1,0,0,1,1,0,1,0,1,0,0,1,1,0,1,0,1,0,0,1,0,0,0
0,0,0,49,1,1,84,3906,1,0,1,0,1,1,0,1,0,1,0,1,0,1,0,0,1,1,0,0,0,1,0,0
0,1,0,66,1,0,91,6075,0,0,1,1,0,0,1,0,1,0,1,0,1,0,1,0,1,0,0,1,0,0,0,0
0,1,1,72,1,0,90,6652,1,0,1,1,0,0,1,0,1,0,1,0,1,0,1,0,1,0,0,0,1,0,0,0
0,0,0,5,0,0,40,223,0,0,0,1,0,0,1,1,0,0,1,0,1,1,0,1,0,1,0,0,0,0,1,0
0,1,1,71,1,0,87,6328,1,1,0,1,0,0,1,0,1,0,1,0,1,0,1,0,1,0,0,0,1,0,0,0
0,1,0,30,1,0,49,1441,0,0,1,1,0,1,0,1,0,1,0,1,0,1,0,1,0,1,0,0,0,1,0,0
0,1,1,18,1,0,83,1611,0,1,0,1,0,0,1,1,0,0,1,0,1,0,1,0,1,1,0,0,0,1,0,0
1,0,0,4,1,1,94,422,0,1,0,0,1,1,0,1,0,0,1,1,0,0,1,0,1,1,0,0,0,1,0,1
0,1,1,67,1,0,106,7009,1,0,1,0,1,0,1,1,0,1,0,0,1,0,1,0,1,0,0,0,1,0,0,0
1,1,0,69,1,1,84,5785,0,0,1,0,1,0,1,0,1,1,0,1,0,1,0,1,0,1,0,0,1,0,0,0
0,1,0,39,1,1,20,790,0,1,0,0,0,0,0,0,0,0,0,0,0,0,0,0,0,0,0,1,0,0,0,0
1,1,0,52,1,1,105,5376,0,0,1,0,1,1,0,0,1,0,1,1,0,0,1,0,1,0,1,1,0,0,0,0
0,0,1,38,1,1,99,3777,0,0,1,0,1,1,0,1,0,0,1,1,0,0,1,0,1,1,0,1,0,0,1,0
0,1,0,71,1,1,108,7616,0,0,1,0,1,0,1,1,0,0,1,0,1,0,1,0,1,0,0,0,1,0,0,0
1,0,0,3,1,1,81,233,0,0,1,0,1,1,0,0,1,1,0,1,0,1,0,1,0,1,0,0,0,1,1,1
0,0,0,9,0,1,24,190,0,0,0,1,0,1,0,1,0,1,0,1,0,1,0,1,0,1,0,0,0,1,0,1
0,0,0,17,1,0,19,310,0,1,0,0,0,0,0,0,0,0,0,0,0,0,0,0,0,0,1,0,0,0,0,0
0,1,0,35,1,1,89,3161,0,0,1,0,1,1,0,1,0,1,0,0,1,1,0,0,1,1,0,1,0,0,0,0
0,1,1,72,1,1,83,6042,1,0,1,1,0,0,1,1,0,0,1,0,1,0,1,0,1,0,0,1,0,0,0,0
0,1,0,41,1,1,19,899,0,1,0,0,0,0,0,0,0,0,0,0,0,0,0,0,0,0,0,0,0,1,0,0
0,0,0,63,1,1,86,5309,0,1,0,1,0,0,1,0,1,0,1,0,1,0,1,0,1,0,0,1,0,0,0,0
1,1,0,32,1,1,85,2628,1,0,1,0,1,1,0,1,0,1,0,1,0,0,1,1,0,1,0,0,1,0,1,1
0,1,0,13,1,0,94,1215,1,0,1,0,1,1,0,0,1,0,1,1,0,0,1,1,0,1,0,0,0,1,1,1
0,1,1,72,1,1,23,1623,1,0,1,0,0,0,0,0,0,0,0,0,0,0,0,0,0,0,1,1,0,0,0,0
0,0,0,52,1,1,80,4297,1,0,1,0,1,1,0,0,1,1,0,1,0,1,0,1,0,0,1,0,0,0,0,0
0,0,0,31,1,1,101,3143,0,1,0,0,1,1,0,0,1,0,1,1,0,0,1,0,1,1,0,0,0,1,0,1
0,1,1,72,1,0,25,1738,0,0,1,0,0,0,0,0,0,0,0,0,0,0,0,0,0,0,0,1,0,0,0,0
0,0,0,29,1,1,98,2933,1,0,1,0,1,1,0,1,0,0,1,1,0,0,1,0,1,1,0,0,1,0,1,1
0,0,0,40,1,1,80,3208,1,0,1,1,0,1,0,1,0,0,1,0,1,0,1,0,1,0,1,0,0,0,0,0
1,1,0,66,1,0,104,6819,1,0,1,0,1,1,0,0,1,0,1,1,0,0,1,0,1,0,1,0,1,0,0,0
0,0,0,1,1,0,94,94,1,1,0,0,1,1,0,1,0,0,1,1,0,0,1,0,1,1,0,0,0,1,1,1
0,0,0,2,1,1,46,84,0,1,0,1,0,1,0,1,0,1,0,1,0,1,0,1,0,1,0,0,1,0,1,0
0,1,0,72,1,0,115,8349,0,0,1,0,1,0,1,0,1,0,1,0,1,0,1,0,1,0,0,1,0,0,0,0
1,0,0,66,1,1,102,6471,1,0,1,0,1,0,1,1,0,1,0,1,0,0,1,0,1,0,0,1,0,0,0,0
0,1,1,50,1,0,54,2614,0,0,1,1,0,1,0,1,0,0,1,1,0,1,0,1,0,0,1,1,0,0,0,0
0,0,0,15,1,1,99,1426,1,1,0,0,1,0,1,0,1,1,0,1,0,0,1,0,1,1,0,0,1,0,1,0
0,1,0,37,1,1,78,2839,1,0,1,0,1,1,0,1,0,0,1,1,0,1,0,1,0,1,0,0,1,0,1,0
0,1,1,13,1,0,88,1222,1,1,0,0,1,1,0,1,0,1,0,1,0,0,1,0,1,1,0,0,0,1,1,1
1,1,0,58,1,1,97,5458,1,0,1,0,1,1,0,0,1,1,0,1,0,0,1,0,1,0,1,1,0,0,0,0
1,0,0,15,1,1,74,1133,0,0,1,0,1,1,0,1,0,1,0,1,0,1,0,1,0,1,0,0,1,0,1,1
0,1,1,18,1,0,19,342,0,1,0,0,0,0,0,0,0,0,0,0,0,0,0,0,0,0,1,1,0,0,0,0
0,1,1,72,1,1,95,6954,1,0,1,0,1,0,1,0,1,1,0,1,0,0,1,1,0,0,0,1,0,0,0,0
0,0,0,31,1,0,87,2724,1,1,0,0,1,0,1,1,0,0,1,0,1,1,0,1,0,1,0,0,0,1,0,0
0,0,0,53,1,0,19,978,0,1,0,0,0,0,0,0,0,0,0,0,0,0,0,0,0,0,0,1,0,0,0,0
0,1,0,26,1,0,81,2078,1,1,0,1,0,1,0,0,1,0,1,0,1,0,1,0,1,1,0,1,0,0,0,0
0,0,0,6,1,1,80,493,0,1,0,1,0,0,1,1,0,0,1,0,1,0,1,0,1,0,0,0,0,0,0,0
0,1,0,61,1,1,114,7132,0,0,1,0,1,1,0,0,1,0,1,0,1,0,1,0,1,1,0,0,0,1,0,0
0,1,1,9,1,1,79,661,0,0,1,0,1,1,0,1,0,0,1,1,0,1,0,1,0,1,0,1,0,0,1,1
0,1,0,46,1,1,69,3168,1,1,0,1,0,1,0,0,1,1,0,1,0,0,1,0,1,1,0,0,1,0,0,0
0,0,0,62,1,1,65,3846,1,1,0,1,0,0,1,1,0,1,0,0,1,1,0,0,1,0,0,0,0,0,0,0
0,1,1,52,1,1,95,4976,1,0,1,0,1,1,0,0,1,0,1,1,0,0,1,1,0,0,1,0,1,0,0,0
0,0,1,1,1,1,69,69,1,1,0,0,1,1,0,1,0,1,0,1,0,1,0,1,0,1,0,0,0,1,1,1
0,1,1,11,0,1,29,346,1,0,0,1,0,0,1,1,0,1,0,1,0,1,0,1,0,1,0,0,0,1,0,0
0,0,0,72,1,1,116,8013,1,0,1,0,1,0,1,0,1,0,1,0,1,0,1,0,1,0,0,1,0,0,0,0
1,1,0,32,1,1,93,2970,0,0,1,0,1,1,0,0,1,0,1,1,0,1,0,0,1,1,0,0,0,1,0,1
0,0,0,65,1,1,59,3739,1,1,0,1,0,0,1,0,1,1,0,0,1,1,0,1,0,0,0,0,0,0,0,0
0,1,1,52,1,1,50,2610,1,1,0,1,0,1,0,1,0,0,1,1,0,1,0,1,0,0,1,1,0,0,0,0
0,0,0,47,1,0,100,4669,0,0,1,0,1,0,1,0,1,1,0,0,1,0,1,1,0,1,0,0,0,0,0,0
0,1,1,55,1,1,90,5099,0,0,1,0,1,1,0,1,0,0,1,1,0,0,1,1,0,1,0,0,1,0,0,0
0,0,1,1,0,0,24,24,0,0,0,1,0,1,0,1,0,1,0,1,0,1,0,1,0,1,0,0,0,1,1,1
0,0,0,2,1,1,80,144,0,1,0,0,1,1,0,1,0,1,0,1,0,0,1,1,0,1,0,0,0,1,1,1
0,1,1,35,1,0,19,686,0,1,0,0,0,0,0,0,0,0,0,0,0,0,0,0,0,0,0,0,0,0,0,0
0,1,1,33,1,0,20,579,1,1,0,0,0,0,0,0,0,0,0,0,0,0,0,0,0,0,1,0,0,0,0,0
0,1,1,15,1,0,101,1667,0,1,0,0,1,0,1,1,0,1,0,0,1,0,1,0,1,0,1,0,0,1,0,0
0,1,0,72,1,1,90,6468,1,0,1,1,0,0,1,0,1,0,1,0,1,0,1,0,1,0,0,1,0,0,0,0
1,0,0,1,1,0,44,44,0,1,0,1,0,1,0,1,0,1,0,1,0,1,0,1,0,1,0,0,0,1,0,1
0,1,1,43,1,0,56,2499,1,1,0,1,0,1,0,1,0,1,0,1,0,0,1,1,0,1,0,0,0,1,1,0
0,0,0,10,1,1,59,638,0,1,0,1,0,1,0,0,1,1,0,1,0,0,1,1,0,1,0,0,0,0,0,0
0,0,0,5,1,0,20,92,0,1,0,0,0,0,0,0,0,0,0,0,0,0,0,0,0,1,0,0,0,0,0,0
0,0,0,57,1,1,90,5229,0,0,1,0,1,1,0,1,0,1,0,0,1,0,1,1,0,0,0,0,1,0,0,0
0,1,1,17,1,0,94,1607,1,0,1,0,1,0,1,1,0,0,1,1,0,0,1,1,0,1,0,0,0,1,1,0
0,1,0,52,1,1,102,5138,1,0,1,0,1,1,0,0,1,1,0,0,1,0,1,0,1,1,0,0,1,0,0,0
0,0,0,15,1,1,58,939,0,0,1,1,0,1,0,0,1,1,0,0,1,1,0,1,0,1,0,0,1,0,1,0
1,0,0,24,1,1,76,1712,0,0,1,0,1,1,0,1,0,1,0,1,0,1,0,1,0,1,0,0,0,1,1,1
0,1,1,30,1,1,94,2838,0,0,1,0,1,0,1,0,1,1,0,1,0,0,1,1,0,1,0,0,0,1,1,0
0,0,0,3,1,1,77,206,0,1,0,1,0,0,1,1,0,0,1,1,0,0,1,0,1,1,0,0,0,1,0,0
0,1,0,23,1,1,99,2186,0,0,1,0,1,0,1,0,1,0,1,1,0,0,1,1,0,1,0,0,0,1,1,1
0,0,0,29,1,0,19,601,1,1,0,0,0,0,0,0,0,0,0,0,0,0,0,0,0,1,0,0,1,0,0,0
0,0,0,1,0,0,24,24,1,0,0,1,0,1,0,1,0,1,0,1,0,1,0,1,0,1,0,0,0,0,0,1
0,0,0,2,1,1,50,109,0,1,0,1,0,1,0,1,0,1,0,0,1,1,0,1,0,1,0,0,1,0,0,0
0,1,1,40,1,1,81,3292,0,0,1,0,1,1,0,1,0,0,1,1,0,1,0,1,0,1,0,0,0,1,0,0
0,0,0,1,1,0,44,44,0,1,0,1,0,1,0,1,0,1,0,1,0,1,0,1,0,1,0,0,0,1,0,0
0,1,0,62,0,1,39,2337,0,0,0,1,0,1,0,1,0,1,0,0,1,0,1,1,0,0,0,1,0,0,0,0
0,0,0,32,1,0,20,707,0,1,0,0,0,0,0,0,0,0,0,0,0,0,0,0,0,0,1,0,1,0,0,0
0,1,1,33,1,0,19,641,1,1,0,0,0,0,0,0,0,0,0,0,0,0,0,0,0,0,0,0,1,0,0,0
0,1,1,71,1,0,20,1500,1,1,0,0,0,0,0,0,0,0,0,0,0,0,0,0,0,0,0,1,0,0,0,0
0,1,1,10,1,0,20,220,1,1,0,0,0,0,0,0,0,0,0,0,0,0,0,0,0,0,0,0,0,0,0,0
0,0,1,15,1,0,65,1010,1,1,0,1,0,0,1,0,1,0,1,0,1,1,0,1,0,0,1,0,1,0,0,0
0,1,0,43,1,1,86,3551,0,1,0,0,1,0,1,0,1,0,1,1,0,1,0,1,0,1,0,0,1,0,0,0
0,0,0,2,1,1,85,181,0,0,1,0,1,1,0,1,0,1,0,1,0,0,1,1,0,1,0,0,0,1,1,1
0,0,0,5,1,1,94,462,0,0,1,0,1,1,0,1,0,1,0,1,0,0,1,0,1,1,0,1,0,0,1,1
0,0,0,68,0,0,38,2719,1,0,0,1,0,0,1,1,0,0,1,0,1,1,0,1,0,0,0,0,0,0,0,0
0,0,0,2,1,0,44,74,0,1,0,1,0,1,0,1,0,1,0,1,0,1,0,1,0,1,0,0,0,0,1,0
1,1,1,66,1,1,110,7210,1,0,1,0,1,0,1,0,1,1,0,0,1,0,1,0,1,0,1,0,1,0,0,0
0,0,0,1,1,1,69,69,0,1,0,0,1,1,0,1,0,1,0,1,0,1,0,1,0,1,0,0,0,1,1,1
1,0,0,50,1,1,83,4113,1,0,1,0,1,0,1,0,1,1,0,1,0,1,0,1,0,1,0,0,0,1,0,0
0,0,0,15,1,1,94,1505,1,1,0,0,1,1,0,1,0,0,1,1,0,0,1,0,1,1,0,0,1,0,0,1
0,1,0,65,1,1,104,6812,0,0,1,0,1,0,1,1,0,0,1,1,0,0,1,0,1,1,0,0,0,1,0,0
1,1,0,68,1,1,105,7299,0,0,1,0,1,1,0,0,1,0,1,1,0,0,1,0,1,1,0,0,0,1,1,0
0,1,1,72,1,1,20,1482,1,1,0,0,0,0,0,0,0,0,0,0,0,0,0,0,0,0,0,0,0,0,0,0
0,0,0,10,1,1,81,818,1,0,1,0,1,1,0,0,1,1,0,1,0,1,0,1,0,1,0,0,1,0,1,1
0,1,0,58,0,1,45,2689,0,0,0,1,0,1,0,1,0,1,0,1,0,0,1,0,1,0,1,0,1,0,0,0
0,0,0,1,1,1,89,89,0,1,0,0,1,1,0,1,0,1,0,1,0,0,1,0,1,1,0,0,0,1,0,1
0,0,0,12,1,1,86,1066,1,0,1,0,1,1,0,1,0,1,0,1,0,1,0,0,1,1,0,0,0,1,0,1
0,0,0,55,1,1,77,4323,0,0,1,1,0,1,0,1,0,0,1,1,0,0,1,0,1,0,0,1,0,0,0,0
0,0,0,3,1,1,74,229,0,0,1,0,1,1,0,1,0,1,0,1,0,1,0,1,0,1,0,0,0,1,1,1
0,0,1,15,1,0,69,994,1,1,0,0,1,1,0,1,0,1,0,1,0,1,0,1,0,1,0,1,0,0,1,0
0,0,0,54,1,1,97,5129,1,0,1,0,1,1,0,0,1,1,0,1,0,0,1,0,1,0,0,1,0,0,0,0
1,1,1,12,0,1,29,355,1,0,0,1,0,1,0,1,0,1,0,0,1,1,0,1,0,1,0,0,0,0,0,0
0,0,0,2,1,0,20,32,0,1,0,0,0,0,0,0,0,0,0,0,0,0,0,0,0,1,0,0,0,0,0,0
0,0,1,13,1,0,44,659,0,1,0,1,0,1,0,1,0,1,0,1,0,1,0,1,0,1,0,0,0,0,0,0
0,1,0,20,1,1,69,1540,1,1,0,0,1,1,0,1,0,1,0,1,0,1,0,1,0,1,0,1,0,0,0,0
0,1,0,72,0,0,65,4919,1,0,0,1,0,0,1,0,1,0,1,0,1,0,1,0,1,0,0,1,0,0,0,0
0,1,0,67,1,0,65,4322,1,0,1,1,0,0,1,0,1,0,1,1,0,1,0,1,0,0,0,0,0,0,0,0
0,0,1,11,1,0,86,893,0,0,1,0,1,1,0,1,0,1,0,1,0,1,0,0,1,1,0,0,0,1,0,1
0,0,0,1,1,0,55,55,0,1,0,1,0,1,0,1,0,0,1,0,1,1,0,1,0,1,0,0,0,0,0,0
0,1,1,72,1,0,89,6510,1,0,1,1,0,0,1,0,1,0,1,0,1,0,1,0,1,0,0,0,1,0,0,0
0,1,0,30,1,1,50,1474,0,1,0,1,0,1,0,1,0,0,1,1,0,1,0,1,0,1,0,0,0,0,0,0
1,0,0,27,1,1,86,2401,1,0,1,0,1,1,0,0,1,0,1,1,0,1,0,1,0,1,0,1,0,0,0,1
0,1,1,14,1,0,59,780,1,1,0,1,0,0,1,0,1,1,0,0,1,1,0,1,0,1,0,1,0,0,0,0
0,0,0,1,1,0,43,43,1,1,0,1,0,1,0,1,0,1,0,1,0,1,0,1,0,1,0,0,1,0,0,0
0,0,0,46,1,0,79,3593,1,0,1,1,0,0,1,1,0,0,1,1,0,0,1,0,1,0,0,0,0,0,0,0
1,0,0,1,1,1,74,74,1,0,1,0,1,1,0,1,0,1,0,1,0,1,0,1,0,1,0,0,0,1,1,1
0,0,0,52,0,0,39,1982,1,0,0,1,0,0,1,0,1,1,0,0,1,1,0,1,0,0,0,0,0,0,0,0
0,0,0,1,1,0,45,45,0,1,0,1,0,1,0,1,0,1,0,1,0,1,0,1,0,1,0,0,0,1,1,0
0,1,0,22,1,1,94,1914,0,1,0,0,1,1,0,1,0,0,1,1,0,0,1,0,1,1,0,0,1,0,1,1
1,0,0,63,1,1,89,5538,1,0,1,0,1,1,0,1,0,0,1,1,0,1,0,0,1,1,0,1,0,0,0,0
0,1,1,1,1,1,69,69,1,1,0,0,1,1,0,1,0,1,0,1,0,1,0,1,0,1,0,0,0,1,1,1
0,1,0,32,1,1,72,2333,0,0,1,1,0,0,1,1,0,1,0,0,1,0,1,1,0,0,1,0,1,0,0,0
0,0,0,5,1,0,50,244,1,1,0,1,0,1,0,0,1,1,0,1,0,1,0,1,0,1,0,1,0,0,0,0
0,0,0,54,1,1,69,3883,0,1,0,1,0,0,1,0,1,1,0,0,1,0,1,1,0,1,0,0,0,0,0,0
0,0,0,1,1,0,19,19,1,1,0,0,0,0,0,0,0,0,0,0,0,0,0,0,0,1,0,0,0,0,0,0
0,0,0,18,1,1,99,1776,1,0,1,0,1,1,0,1,0,1,0,0,1,0,1,0,1,1,0,1,0,0,1,1
0,0,0,6,1,0,60,414,0,1,0,1,0,1,0,1,0,0,1,1,0,0,1,1,0,1,0,0,0,0,0,0
0,1,1,6,1,1,55,324,0,1,0,1,0,1,0,0,1,0,1,1,0,1,0,1,0,1,0,0,0,0,1,0
0,0,0,1,1,0,19,19,0,1,0,0,0,0,0,0,0,0,0,0,0,0,0,0,0,1,0,0,0,0,0,0
0,0,0,17,1,1,55,934,0,1,0,1,0,0,1,0,1,1,0,1,0,1,0,1,0,1,0,0,1,0,0,0
1,1,0,1,1,1,80,80,0,0,1,0,1,0,1,1,0,1,0,1,0,1,0,1,0,1,0,0,0,1,1,1
0,1,0,9,1,1,79,769,1,1,0,0,1,1,0,1,0,1,0,1,0,1,0,0,1,1,0,0,0,1,0,1
0,1,1,72,1,0,88,6501,0,0,1,1,0,0,1,0,1,0,1,0,1,0,1,0,1,0,0,0,1,0,0,0
0,0,0,12,1,0,50,593,0,1,0,1,0,1,0,1,0,1,0,0,1,1,0,1,0,1,0,1,0,0,1,0
0,1,1,39,1,1,19,854,1,1,0,0,0,0,0,0,0,0,0,0,0,0,0,0,0,0,0,1,0,0,0,0
1,1,0,35,1,1,94,3365,0,0,1,0,1,0,1,0,1,1,0,1,0,1,0,0,1,1,0,0,0,1,0,1
0,0,0,72,1,1,107,7853,1,0,1,0,1,1,0,1,0,0,1,0,1,0,1,0,1,0,0,0,1,0,0,0
0,0,1,17,1,1,55,937,1,0,1,1,0,1,0,1,0,0,1,1,0,1,0,1,0,0,1,0,0,0,1,0
0,0,0,72,1,0,69,4908,0,0,1,1,0,0,1,0,1,0,1,0,1,1,0,1,0,0,0,1,0,0,0,0
0,0,0,59,1,1,83,4949,1,0,1,0,1,1,0,0,1,0,1,1,0,1,0,1,0,1,0,0,0,1,0,0
0,1,0,72,1,1,99,7285,0,0,1,0,1,1,0,0,1,1,0,1,0,0,1,0,1,0,0,0,0,1,0,0
1,1,1,60,1,1,80,4859,0,0,1,0,1,0,1,1,0,1,0,1,0,1,0,1,0,1,0,0,0,1,0,0
1,0,0,72,1,1,117,8436,1,0,1,0,1,0,1,0,1,0,1,0,1,0,1,0,1,0,0,0,1,0,0,0
0,0,0,15,0,1,29,438,0,0,0,1,0,1,0,1,0,1,0,0,1,1,0,1,0,1,0,0,0,1,1,0
0,1,0,68,0,1,54,3794,0,0,0,1,0,0,1,1,0,0,1,1,0,0,1,0,1,0,0,1,0,0,0,0
1,0,0,71,1,0,104,7413,1,0,1,0,1,1,0,1,0,0,1,1,0,0,1,0,1,0,0,1,0,0,0,0
0,1,1,58,1,1,105,6004,0,0,1,0,1,1,0,1,0,0,1,0,1,0,1,0,1,0,1,1,0,0,0,0
0,0,0,44,1,0,100,4398,0,1,0,0,1,1,0,0,1,1,0,0,1,0,1,0,1,1,0,0,0,1,1,0
1,1,0,72,1,1,109,8075,1,0,1,0,1,0,1,1,0,0,1,0,1,0,1,0,1,0,0,0,0,0,0,0
0,1,1,6,1,0,25,153,0,0,1,0,0,0,0,0,0,0,0,0,0,0,0,0,0,0,0,0,0,0,0,0
0,0,0,9,1,0,20,186,1,1,0,0,0,0,0,0,0,0,0,0,0,0,0,0,0,1,0,0,0,0,0,0
0,1,1,66,1,0,20,1374,0,1,0,0,0,0,0,0,0,0,0,0,0,0,0,0,0,0,0,0,1,0,0,0
0,0,0,13,1,1,79,1111,1,1,0,0,1,1,0,0,1,0,1,1,0,1,0,1,0,1,0,0,0,1,1,1
1,0,0,20,1,1,84,1745,0,0,1,0,1,1,0,1,0,1,0,1,0,0,1,1,0,1,0,0,0,1,0,1
0,0,1,1,1,1,19,19,0,1,0,0,0,0,0,0,0,0,0,0,0,0,0,0,0,1,0,0,0,0,0,0
0,1,1,5,1,1,24,132,1,0,1,0,0,0,0,0,0,0,0,0,0,0,0,0,0,1,0,0,0,0,0,0
0,1,0,51,1,1,83,4307,0,1,0,1,0,0,1,0,1,0,1,0,1,0,1,0,1,0,0,0,1,0,0,0
0,0,0,32,1,1,80,2596,0,0,1,0,1,1,0,0,1,1,0,1,0,1,0,1,0,1,0,1,0,0,1,0
0,1,0,67,1,1,90,6056,0,1,0,0,1,0,1,0,1,1,0,1,0,1,0,0,1,0,1,0,1,0,1,0
0,1,1,12,1,1,25,313,0,0,1,0,0,0,0,0,0,0,0,0,0,0,0,0,0,0,0,1,0,0,0,0
0,0,0,27,1,1,81,2272,0,0,1,0,1,1,0,1,0,0,1,1,0,1,0,1,0,1,0,0,0,1,0,1
1,1,0,60,1,1,97,5867,0,1,0,0,1,1,0,0,1,0,1,1,0,0,1,0,1,0,1,0,0,1,0,0
0,0,1,18,1,0,64,1166,1,0,1,1,0,0,1,1,0,1,0,1,0,1,0,0,1,1,0,0,0,1,0,0
1,0,0,3,1,1,70,235,1,1,0,0,1,1,0,1,0,1,0,1,0,1,0,1,0,1,0,0,0,1,1,1
0,0,0,1,1,0,19,19,1,1,0,0,0,0,0,0,0,0,0,0,0,0,0,0,0,1,0,0,0,1,1,0
0,0,0,2,1,0,20,45,1,1,0,0,0,0,0,0,0,0,0,0,0,0,0,0,0,1,0,0,0,0,0,0
0,0,0,30,0,1,40,1187,1,0,0,1,0,1,0,1,0,1,0,0,1,1,0,0,1,0,1,0,1,0,0,0
0,1,0,71,1,1,109,7854,0,0,1,0,1,0,1,0,1,0,1,1,0,0,1,0,1,0,1,0,0,1,0,0
0,1,0,17,1,0,92,1579,1,0,1,0,1,1,0,1,0,1,0,1,0,0,1,0,1,1,0,0,0,1,0,1
0,0,0,3,1,0,84,235,0,1,0,0,1,1,0,0,1,1,0,1,0,1,0,0,1,1,0,0,0,1,0,1
0,0,0,1,1,0,45,45,1,1,0,1,0,1,0,1,0,1,0,1,0,1,0,1,0,1,0,0,0,0,0,0
1,0,0,67,1,0,54,3725,1,0,1,1,0,1,0,0,1,1,0,1,0,1,0,1,0,1,0,0,0,1,0,0
0,0,0,31,1,0,81,2548,0,0,1,0,1,1,0,1,0,1,0,0,1,1,0,1,0,0,1,0,1,0,0,0
1,0,0,29,1,1,101,2948,0,1,0,0,1,1,0,0,1,0,1,1,0,0,1,0,1,1,0,1,0,0,0,1
1,1,0,41,1,1,83,3273,0,0,1,0,1,0,1,1,0,0,1,1,0,1,0,1,0,1,0,1,0,0,1,0
0,0,0,11,1,1,79,795,0,1,0,0,1,0,1,1,0,0,1,1,0,1,0,1,0,1,0,1,0,0,0,0
0,1,1,24,1,1,70,1706,0,1,0,1,0,0,1,0,1,1,0,0,1,1,0,0,1,1,0,0,1,0,0,0
0,0,1,18,1,1,45,747,0,1,0,1,0,1,0,1,0,1,0,1,0,1,0,1,0,1,0,0,1,0,0,0
0,1,1,25,1,0,85,2199,0,1,0,0,1,1,0,1,0,1,0,0,1,0,1,1,0,1,0,0,0,1,0,0
1,1,0,13,0,0,45,528,1,0,0,1,0,1,0,1,0,1,0,1,0,0,1,0,1,1,0,0,0,1,0,1
0,0,0,4,1,1,79,324,0,1,0,0,1,1,0,1,0,1,0,1,0,1,0,0,1,1,0,0,0,1,1,1
0,0,0,29,0,1,31,926,1,0,0,1,0,1,0,1,0,1,0,0,1,1,0,1,0,1,0,0,0,1,0,0
0,1,0,72,1,0,80,5737,1,0,1,0,1,0,1,1,0,1,0,1,0,1,0,1,0,0,0,1,0,0,0,0
0,1,1,70,1,0,20,1360,0,1,0,0,0,0,0,0,0,0,0,0,0,0,0,0,0,0,0,0,1,0,0,0
0,1,1,67,1,0,103,6895,0,1,0,0,1,1,0,0,1,0,1,0,1,0,1,0,1,0,0,1,0,0,0,0
0,1,0,20,1,1,81,1683,1,1,0,0,1,1,0,1,0,0,1,0,1,1,0,1,0,1,0,0,0,0,0,0
0,0,0,64,1,1,100,6603,0,1,0,0,1,0,1,0,1,1,0,1,0,0,1,0,1,0,1,0,1,0,0,0
0,0,1,18,0,1,35,553,1,0,0,1,0,1,0,1,0,1,0,1,0,1,0,0,1,1,0,0,0,1,1,0
0,0,0,1,1,1,49,49,0,1,0,1,0,1,0,1,0,1,0,0,1,1,0,1,0,1,0,0,0,1,0,0
0,1,1,72,1,1,83,6093,0,0,1,1,0,0,1,1,0,0,1,0,1,0,1,0,1,0,0,0,1,0,0,0
0,1,0,67,1,1,100,6733,0,1,0,0,1,0,1,0,1,1,0,1,0,0,1,0,1,0,1,0,1,0,0,0
0,0,0,5,1,1,70,347,0,1,0,1,0,1,0,1,0,0,1,1,0,0,1,0,1,0,1,0,0,0,1,0
0,0,0,24,1,1,55,1400,0,0,1,1,0,0,1,1,0,1,0,1,0,1,0,1,0,1,0,1,0,0,1,0
0,1,0,59,1,0,20,1267,1,1,0,0,0,0,0,0,0,0,0,0,0,0,0,0,0,0,1,0,0,0,0,0
0,0,0,71,1,1,111,7984,1,0,1,0,1,1,0,0,1,0,1,0,1,0,1,0,1,0,0,0,0,1,0,0
0,0,0,1,1,0,73,73,1,1,0,0,1,1,0,1,0,0,1,1,0,1,0,1,0,1,0,1,0,0,1,1
0,1,1,36,1,0,19,702,1,1,0,0,0,0,0,0,0,0,0,0,0,0,0,0,0,1,0,1,0,0,0,0
0,1,1,25,1,1,18,383,1,1,0,0,0,0,0,0,0,0,0,0,0,0,0,0,0,0,0,0,0,0,0,0
0,1,1,6,1,1,69,377,0,1,0,0,1,1,0,1,0,1,0,1,0,1,0,1,0,1,0,0,0,1,0,1
0,1,0,50,1,1,98,4858,0,0,1,0,1,1,0,0,1,1,0,1,0,0,1,0,1,0,1,0,0,1,0,0
0,0,0,3,1,0,19,63,1,1,0,0,0,0,0,0,0,0,0,0,0,0,0,0,0,1,0,0,0,0,1,0
0,1,0,62,1,1,84,5150,1,0,1,1,0,0,1,0,1,1,0,0,1,0,1,0,1,0,0,0,0,1,0,0
0,0,0,6,1,1,91,455,1,1,0,0,1,1,0,1,0,1,0,1,0,0,1,0,1,1,0,0,0,1,1,1
0,0,0,5,1,0,25,134,1,0,1,0,0,0,0,0,0,0,0,0,0,0,0,0,0,1,0,0,0,0,0,0
0,1,1,68,1,1,103,7039,1,0,1,0,1,1,0,0,1,1,0,0,1,0,1,0,1,0,0,0,1,0,0,0
0,0,1,14,1,0,76,1054,0,1,0,1,0,0,1,0,1,0,1,0,1,1,0,0,1,0,0,1,0,0,0,0
1,1,0,30,1,1,90,2627,1,0,1,0,1,1,0,0,1,1,0,1,0,0,1,1,0,1,0,0,0,1,0,1
0,1,1,37,1,1,95,3532,1,0,1,0,1,1,0,0,1,0,1,1,0,1,0,0,1,1,0,0,0,1,0,0
0,1,1,69,1,0,113,7895,1,0,1,0,1,0,1,0,1,0,1,0,1,0,1,0,1,0,0,0,1,0,0,0
0,0,1,27,1,1,25,788,0,0,1,0,0,0,0,0,0,0,0,0,0,0,0,0,0,0,0,0,1,0,0,0
0,1,1,51,1,0,110,5686,0,0,1,0,1,0,1,0,1,1,0,0,1,0,1,0,1,0,1,0,1,0,0,0
0,0,0,7,1,0,61,438,1,1,0,1,0,0,1,0,1,0,1,1,0,1,0,1,0,1,0,0,0,1,0,0
0,0,0,19,1,1,55,1046,0,1,0,1,0,1,0,1,0,0,1,0,1,1,0,1,0,1,0,0,1,0,1,0
0,0,0,25,1,0,19,510,0,1,0,0,0,0,0,0,0,0,0,0,0,0,0,0,0,0,1,0,1,0,0,0
0,1,0,56,1,1,100,5514,0,0,1,0,1,0,1,1,0,1,0,1,0,0,1,0,1,0,1,0,0,1,0,0
0,0,0,1,1,0,19,19,1,1,0,0,0,0,0,0,0,0,0,0,0,0,0,0,0,1,0,0,0,0,0,0
1,1,1,68,0,1,53,3656,1,0,0,1,0,1,0,0,1,0,1,1,0,0,1,0,1,0,0,0,0,1,0,0
1,1,0,61,1,1,82,4904,0,0,1,0,1,1,0,0,1,1,0,1,0,1,0,1,0,1,0,0,0,1,0,0
0,1,1,68,1,1,19,1292,1,1,0,0,0,0,0,0,0,0,0,0,0,0,0,0,0,0,0,1,0,0,0,0
0,1,1,54,1,0,20,1090,0,1,0,0,0,0,0,0,0,0,0,0,0,0,0,0,0,0,0,0,1,0,0,0
0,0,0,1,1,1,50,50,0,0,1,1,0,1,0,1,0,1,0,1,0,1,0,1,0,1,0,0,0,1,1,1
0,0,0,1,1,0,19,19,0,1,0,0,0,0,0,0,0,0,0,0,0,0,0,0,0,1,0,0,0,0,0,0
0,0,0,12,1,0,94,1173,0,0,1,0,1,1,0,1,0,1,0,1,0,0,1,0,1,1,0,0,0,1,0,1
0,0,0,26,1,1,56,1553,1,1,0,1,0,1,0,0,1,0,1,1,0,1,0,1,0,0,1,0,0,0,0,0
1,0,0,35,1,1,110,3836,1,0,1,0,1,0,1,0,1,0,1,0,1,0,1,0,1,0,1,1,0,0,0,0
0,1,1,72,1,0,25,1857,1,0,1,0,0,0,0,0,0,0,0,0,0,0,0,0,0,0,0,1,0,0,0,0
